Region,Date,Year,Month,Frequency,Estimated Unemployment Rate (%),Estimated Employed,Estimated Labour Participation Rate (%),Area,Gap_Unemployment %,Gap_Employed,Gap_Labour_Participation %,MoM_Unemployment_Rate_Change
Andhra Pradesh,2019-05-31,2019,5, Monthly,3.65,11999139.0,43.24,Rural,-2.44,7210478.0,5.789999999999999,
Andhra Pradesh,2019-06-30,2019,6, Monthly,3.05,11755881.0,42.05,Rural,-0.75,6931251.0,5.289999999999999,-0.6000000000000001
Andhra Pradesh,2019-07-31,2019,7, Monthly,3.75,12086707.0,43.5,Rural,-1.8899999999999997,7429264.0,7.399999999999999,0.7000000000000002
Andhra Pradesh,2019-08-31,2019,8, Monthly,3.32,12285693.0,43.97,Rural,-1.2900000000000005,7542514.0,7.68,-0.43000000000000016
Andhra Pradesh,2019-09-30,2019,9, Monthly,5.17,12256762.0,44.68,Rural,-0.8399999999999999,7522766.0,7.990000000000002,1.85
Andhra Pradesh,2019-10-31,2019,10, Monthly,3.52,12017412.0,43.01,Rural,-1.1800000000000002,7243035.0,6.600000000000001,-1.65
Andhra Pradesh,2019-11-30,2019,11, Monthly,4.12,11397681.0,41.0,Rural,-3.42,6728909.0,4.380000000000003,0.6000000000000001
Andhra Pradesh,2019-12-31,2019,12, Monthly,4.38,12528395.0,45.14,Rural,-3.5,7614432.0,6.530000000000001,0.2599999999999998
Andhra Pradesh,2020-01-31,2020,1, Monthly,4.84,12016676.0,43.46,Rural,-2.2700000000000005,7397816.0,7.550000000000004,0.45999999999999996
Andhra Pradesh,2020-02-29,2020,2, Monthly,5.91,11723617.0,42.83,Rural,0.25,6901582.0,5.989999999999995,1.0700000000000003
Andhra Pradesh,2020-03-31,2020,3, Monthly,4.06,11359660.0,40.66,Rural,-5.820000000000001,6838123.0,4.579999999999998,-1.8500000000000005
Andhra Pradesh,2020-04-30,2020,4, Monthly,16.29,8792827.0,36.03,Rural,-16.009999999999998,6248743.0,9.060000000000002,12.23
Andhra Pradesh,2020-05-31,2020,5, Monthly,14.46,9526902.0,38.16,Rural,-10.45,6098546.0,5.469999999999999,-1.8299999999999983
Andhra Pradesh,2020-06-30,2020,6, Monthly,0.85,15572975.0,53.76,Rural,-5.010000000000001,10618586.0,16.15,-13.610000000000001
Assam,2019-05-31,2019,5, Monthly,4.29,11749334.0,57.39,Rural,-3.58,10077627.0,12.469999999999999,
Assam,2019-06-30,2019,6, Monthly,5.08,8923222.0,43.87,Rural,-4.8100000000000005,7275880.0,-1.3000000000000043,0.79
Assam,2019-07-31,2019,7, Monthly,4.26,9911534.0,48.21,Rural,1.0499999999999998,8171696.0,3.8900000000000006,-0.8200000000000003
Assam,2019-08-31,2019,8, Monthly,5.79,9292039.0,45.83,Rural,-4.6000000000000005,7696457.0,2.019999999999996,1.5300000000000002
Assam,2019-09-30,2019,9, Monthly,4.46,11468349.0,55.67,Rural,-4.8,9891869.0,13.010000000000005,-1.33
Assam,2019-10-31,2019,10, Monthly,4.65,8395906.0,40.76,Rural,-6.52,6800730.0,-3.25,0.1900000000000004
Assam,2019-11-30,2019,11, Monthly,4.66,9625362.0,46.64,Rural,-1.6499999999999995,7917317.0,2.049999999999997,0.009999999999999787
Assam,2020-01-31,2020,1, Monthly,4.29,11420996.0,54.9,Rural,-2.95,9790088.0,12.079999999999998,-0.3700000000000001
Assam,2020-02-29,2020,2, Monthly,3.26,8462814.0,40.17,Rural,-6.720000000000001,6837360.0,-3.729999999999997,-1.0300000000000002
Assam,2020-03-31,2020,3, Monthly,3.77,9878742.0,47.05,Rural,-6.57,8214597.0,2.019999999999996,0.5100000000000002
Assam,2020-05-31,2020,5, Monthly,9.38,9926176.0,50.0,Rural,-1.3899999999999988,8484454.0,10.96,5.610000000000001
Assam,2020-06-30,2020,6, Monthly,0.0,7544937.0,34.38,Rural,-3.42,5993930.0,-4.349999999999994,-9.38
Bihar,2019-05-31,2019,5, Monthly,9.27,24322330.0,39.75,Rural,-10.629999999999999,21292986.0,-0.04999999999999716,
Bihar,2019-06-30,2019,6, Monthly,10.2,24097712.0,39.71,Rural,-3.09,20848848.0,0.35999999999999943,0.9299999999999997
Bihar,2019-07-31,2019,7, Monthly,13.44,23248875.0,39.66,Rural,-2.9700000000000006,20189131.0,1.2999999999999972,3.24
Bihar,2019-08-31,2019,8, Monthly,11.0,22260203.0,36.85,Rural,-6.66,19265440.0,-1.1799999999999997,-2.4399999999999995
Bihar,2019-09-30,2019,9, Monthly,8.87,23905700.0,38.57,Rural,-11.590000000000002,20913618.0,-0.6799999999999997,-2.130000000000001
Bihar,2019-10-31,2019,10, Monthly,12.47,24053140.0,40.31,Rural,-1.5899999999999999,20879711.0,1.8599999999999994,3.6000000000000014
Bihar,2019-11-30,2019,11, Monthly,12.4,22445989.0,37.51,Rural,-5.220000000000001,19364912.0,-1.3500000000000014,-0.07000000000000028
Bihar,2019-12-31,2019,12, Monthly,10.16,22914530.0,37.25,Rural,-4.75,19936673.0,0.9600000000000009,-2.24
Bihar,2020-01-31,2020,1, Monthly,9.13,23409006.0,37.54,Rural,-11.56,20420341.0,-1.4500000000000028,-1.0299999999999994
Bihar,2020-02-29,2020,2, Monthly,9.61,23168192.0,37.28,Rural,-5.5,20054728.0,-0.5899999999999963,0.47999999999999865
Bihar,2020-03-31,2020,3, Monthly,15.39,22667882.0,38.88,Rural,-0.33999999999999986,19618245.0,1.5900000000000034,5.780000000000001
Bihar,2020-04-30,2020,4, Monthly,45.09,14645275.0,38.63,Rural,-13.68,13244313.0,3.690000000000005,29.700000000000003
Bihar,2020-05-31,2020,5, Monthly,47.26,14050319.0,38.5,Rural,9.39,11843293.0,2.049999999999997,2.1699999999999946
Bihar,2020-06-30,2020,6, Monthly,20.49,20622566.0,37.4,Rural,8.04,17497903.0,0.8599999999999994,-26.77
Chhattisgarh,2019-05-31,2019,5, Monthly,9.82,6259019.0,42.89,Rural,0.05000000000000071,4035890.0,-2.719999999999999,
Chhattisgarh,2019-06-30,2019,6, Monthly,6.76,6608626.0,43.71,Rural,-5.01,4416606.0,-2.1700000000000017,-3.0600000000000005
Chhattisgarh,2019-07-31,2019,7, Monthly,4.54,6753622.0,43.53,Rural,-3.63,4468186.0,-2.3200000000000003,-2.2199999999999998
Chhattisgarh,2019-08-31,2019,8, Monthly,4.64,6607694.0,42.55,Rural,-1.6500000000000004,4215294.0,-4.359999999999999,0.09999999999999964
Chhattisgarh,2019-09-30,2019,9, Monthly,8.33,6490776.0,43.38,Rural,-1.1300000000000008,4179269.0,-3.4199999999999946,3.6900000000000004
Chhattisgarh,2019-10-31,2019,10, Monthly,6.96,7043840.0,46.28,Rural,-3.3099999999999996,4746744.0,-0.5399999999999991,-1.37
Chhattisgarh,2019-11-30,2019,11, Monthly,2.77,6942931.0,43.56,Rural,-5.550000000000001,4601647.0,-3.030000000000001,-4.1899999999999995
Chhattisgarh,2019-12-31,2019,12, Monthly,6.11,6569385.0,42.59,Rural,2.5400000000000005,4153949.0,-3.0,3.3400000000000003
Chhattisgarh,2020-01-31,2020,1, Monthly,9.89,6236201.0,42.03,Rural,0.8800000000000008,3920229.0,-4.18,3.7800000000000002
Chhattisgarh,2020-02-29,2020,2, Monthly,7.89,6847173.0,45.05,Rural,-1.8999999999999995,4499232.0,-2.0900000000000034,-2.000000000000001
Chhattisgarh,2020-03-31,2020,3, Monthly,7.31,6894808.0,44.98,Rural,-0.9000000000000012,4487299.0,-2.4100000000000037,-0.5800000000000001
Chhattisgarh,2020-04-30,2020,4, Monthly,0.0,6534321.0,39.43,Rural,-20.13,5468195.0,15.370000000000001,-7.31
Chhattisgarh,2020-05-31,2020,5, Monthly,7.64,5454091.0,35.56,Rural,-16.46,4177800.0,5.320000000000004,7.64
Chhattisgarh,2020-06-30,2020,6, Monthly,10.14,5781095.0,38.66,Rural,-16.93,4178864.0,-0.75,2.500000000000001
Delhi,2019-05-31,2019,5, Monthly,12.56,169487.0,42.33,Rural,0.25,-5586988.0,-1.8400000000000034,
Delhi,2019-06-30,2019,6, Monthly,9.33,149076.0,35.74,Rural,-3.4299999999999997,-5401096.0,-6.969999999999999,-3.2300000000000004
Delhi,2019-07-31,2019,7, Monthly,11.07,166605.0,40.53,Rural,-3.6099999999999994,-5226486.0,-1.8100000000000023,1.7400000000000002
Delhi,2019-08-31,2019,8, Monthly,17.18,135407.0,35.21,Rural,3.66,-5417103.0,-7.689999999999998,6.109999999999999
Delhi,2019-09-30,2019,9, Monthly,12.5,166056.0,40.68,Rural,-8.09,-5476197.0,-6.68,-4.68
Delhi,2019-10-31,2019,10, Monthly,15.84,149511.0,37.9,Rural,3.4299999999999997,-5880852.0,-7.880000000000003,3.34
Delhi,2019-11-30,2019,11, Monthly,11.11,178768.0,42.71,Rural,-5.0,-5260832.0,-0.3100000000000023,-4.73
Delhi,2019-12-31,2019,12, Monthly,16.97,145671.0,37.08,Rural,5.899999999999999,-5572666.0,-5.480000000000004,5.859999999999999
Delhi,2020-01-31,2020,1, Monthly,13.48,157791.0,38.36,Rural,-8.969999999999999,-5489702.0,-9.730000000000004,-3.4899999999999984
Delhi,2020-02-29,2020,2, Monthly,13.81,147500.0,35.84,Rural,-1.049999999999999,-5561307.0,-8.339999999999996,0.33000000000000007
Delhi,2020-03-31,2020,3, Monthly,15.18,152413.0,37.45,Rural,-1.9100000000000001,-5248979.0,-5.369999999999997,1.3699999999999992
Delhi,2020-04-30,2020,4, Monthly,20.69,115487.0,30.21,Rural,4.18,-2888300.0,6.620000000000001,5.510000000000002
Delhi,2020-05-31,2020,5, Monthly,22.76,129610.0,34.65,Rural,-23.02,-2214173.0,6.369999999999997,2.0700000000000003
Delhi,2020-06-30,2020,6, Monthly,21.14,112108.0,29.22,Rural,3.030000000000001,-4194699.0,-5.100000000000001,-1.620000000000001
Goa,2019-05-31,2019,5, Monthly,2.91,179340.0,39.16,Rural,0.16000000000000014,-85515.0,4.989999999999995,
Goa,2019-06-30,2019,6, Monthly,5.45,170471.0,38.19,Rural,-7.88,-133544.0,-5.770000000000003,2.54
Goa,2019-07-31,2019,7, Monthly,10.98,167437.0,39.81,Rural,-1.299999999999999,-112930.0,-0.18999999999999773,5.53
Goa,2019-08-31,2019,8, Monthly,1.98,183603.0,39.61,Rural,-2.9200000000000004,-59674.0,7.640000000000001,-9.0
Goa,2019-09-30,2019,9, Monthly,3.61,163215.0,35.78,Rural,0.44999999999999973,-146428.0,-4.140000000000001,1.63
Goa,2019-10-31,2019,10, Monthly,7.21,177440.0,40.36,Rural,-5.1000000000000005,-112824.0,-0.9100000000000037,3.6
Goa,2019-11-30,2019,11, Monthly,23.71,159489.0,44.09,Rural,-1.4899999999999984,-112123.0,-1.1299999999999955,16.5
Goa,2019-12-31,2019,12, Monthly,3.54,177155.0,38.7,Rural,-12.68,-110999.0,-4.07,-20.17
Goa,2020-01-31,2020,1, Monthly,5.38,158936.0,35.36,Rural,-5.54,-98878.0,-0.5900000000000034,1.8399999999999999
Goa,2020-02-29,2020,2, Monthly,0.0,171672.0,36.11,Rural,-4.31,-134724.0,-3.6199999999999974,-5.38
Goa,2020-04-30,2020,4, Monthly,15.91,181657.0,45.36,Rural,4.15,-137300.0,0.6199999999999974,15.91
Goa,2020-05-31,2020,5, Monthly,20.0,128538.0,33.71,Rural,,,,4.09
Gujarat,2019-05-31,2019,5, Monthly,2.88,13954728.0,52.03,Rural,-1.21,4268170.0,10.36,
Gujarat,2019-06-30,2019,6, Monthly,4.77,13199281.0,50.12,Rural,-1.54,3054316.0,5.549999999999997,1.8899999999999997
Gujarat,2019-07-31,2019,7, Monthly,4.58,14327083.0,54.21,Rural,-0.5700000000000003,4499060.0,11.670000000000002,-0.1899999999999995
Gujarat,2019-08-31,2019,8, Monthly,3.7,13507342.0,50.57,Rural,-0.5,3279188.0,6.850000000000001,-0.8799999999999999
Gujarat,2019-09-30,2019,9, Monthly,6.29,13280783.0,51.01,Rural,0.33000000000000007,3670844.0,9.259999999999998,2.59
Gujarat,2019-10-31,2019,10, Monthly,4.91,13828512.0,52.27,Rural,-0.54,3354295.0,7.130000000000003,-1.38
Gujarat,2019-11-30,2019,11, Monthly,4.68,14487815.0,54.55,Rural,-2.8500000000000005,4591686.0,11.049999999999997,-0.23000000000000043
Gujarat,2019-12-31,2019,12, Monthly,3.46,13877825.0,51.51,Rural,-2.25,3705013.0,7.759999999999998,-1.2199999999999998
Gujarat,2020-01-31,2020,1, Monthly,5.35,14301844.0,54.07,Rural,-0.47000000000000064,4477343.0,11.880000000000003,1.8899999999999997
Gujarat,2020-02-29,2020,2, Monthly,6.64,13973042.0,53.48,Rural,0.5999999999999996,3188289.0,7.169999999999995,1.29
Gujarat,2020-03-31,2020,3, Monthly,7.59,13483615.0,52.06,Rural,2.2,3400589.0,9.160000000000004,0.9500000000000002
Gujarat,2020-04-30,2020,4, Monthly,12.0,8587594.0,34.77,Rural,-13.940000000000001,1886310.0,-1.5599999999999952,4.41
Gujarat,2020-05-31,2020,5, Monthly,14.58,11121124.0,46.31,Rural,2.960000000000001,5048348.0,18.790000000000003,2.58
Gujarat,2020-06-30,2020,6, Monthly,1.41,13243922.0,47.72,Rural,-3.13,2669211.0,3.460000000000001,-13.17
Haryana,2019-05-31,2019,5, Monthly,14.54,5249186.0,45.12,Rural,-10.130000000000003,2555590.0,1.9399999999999977,
Haryana,2019-06-30,2019,6, Monthly,23.08,4745178.0,45.23,Rural,2.6599999999999966,1899988.0,2.1699999999999946,8.54
Haryana,2019-07-31,2019,7, Monthly,16.22,4826560.0,42.17,Rural,-9.23,2420587.0,3.3999999999999986,-6.859999999999999
Haryana,2019-08-31,2019,8, Monthly,30.94,4558306.0,48.23,Rural,6.75,2035301.0,8.36,14.720000000000002
Haryana,2019-09-30,2019,9, Monthly,16.36,5127956.0,44.72,Rural,-10.48,2452094.0,1.019999999999996,-14.580000000000002
Haryana,2019-10-31,2019,10, Monthly,24.17,4798833.0,46.07,Rural,3.1300000000000026,1977377.0,3.490000000000002,7.810000000000002
Haryana,2019-11-30,2019,11, Monthly,16.59,4875763.0,42.48,Rural,-10.469999999999999,2471524.0,3.299999999999997,-7.580000000000002
Haryana,2019-12-31,2019,12, Monthly,29.56,4603484.0,47.4,Rural,5.91,2054649.0,7.829999999999998,12.969999999999999
Haryana,2020-01-31,2020,1, Monthly,16.21,5062293.0,43.74,Rural,-11.029999999999998,2431355.0,0.990000000000002,-13.349999999999998
Haryana,2020-02-29,2020,2, Monthly,27.19,4570108.0,45.37,Rural,3.900000000000002,1817274.0,3.049999999999997,10.98
Haryana,2020-03-31,2020,3, Monthly,23.92,4366148.0,41.4,Rural,-3.219999999999999,2090741.0,4.670000000000002,-3.2699999999999996
Haryana,2020-04-30,2020,4, Monthly,41.61,4041050.0,49.85,Rural,-5.280000000000001,2434470.0,14.370000000000005,17.689999999999998
Haryana,2020-05-31,2020,5, Monthly,34.22,3914193.0,42.78,Rural,-4.240000000000002,1901110.0,4.509999999999998,-7.390000000000001
Haryana,2020-06-30,2020,6, Monthly,35.57,4357835.0,48.53,Rural,6.16,2053697.0,10.439999999999998,1.3500000000000014
Himachal Pradesh,2019-05-31,2019,5, Monthly,13.68,2045760.0,44.23,Rural,2.799999999999999,1800092.0,-1.0400000000000063,
Himachal Pradesh,2019-06-30,2019,6, Monthly,11.43,1957081.0,41.18,Rural,-10.0,1719505.0,-8.399999999999999,-2.25
Himachal Pradesh,2019-07-31,2019,7, Monthly,20.59,1916824.0,44.91,Rural,-0.9200000000000017,1680930.0,-4.310000000000002,9.16
Himachal Pradesh,2019-08-31,2019,8, Monthly,18.56,1969248.0,44.91,Rural,-5.920000000000002,1732933.0,-6.260000000000005,-2.030000000000001
Himachal Pradesh,2019-09-30,2019,9, Monthly,15.98,2039804.0,45.02,Rural,3.9800000000000004,1792594.0,-0.8499999999999943,-2.5799999999999983
Himachal Pradesh,2019-10-31,2019,10, Monthly,15.81,1946957.0,42.81,Rural,-7.959999999999999,1714635.0,-6.8799999999999955,-0.16999999999999993
Himachal Pradesh,2019-11-30,2019,11, Monthly,22.86,2024409.0,48.5,Rural,-4.41,1791380.0,-3.6700000000000017,7.049999999999999
Himachal Pradesh,2019-12-31,2019,12, Monthly,19.46,1922821.0,44.05,Rural,-5.859999999999999,1681455.0,-8.5,-3.3999999999999986
Himachal Pradesh,2020-01-31,2020,1, Monthly,16.67,2041035.0,45.11,Rural,-1.4799999999999969,1794439.0,-3.8100000000000023,-2.789999999999999
Himachal Pradesh,2020-02-29,2020,2, Monthly,15.42,1952464.0,42.45,Rural,-11.889999999999999,1724660.0,-8.369999999999997,-1.2500000000000018
Himachal Pradesh,2020-03-31,2020,3, Monthly,17.71,1800426.0,40.17,Rural,-8.73,1578994.0,-8.57,2.290000000000001
Himachal Pradesh,2020-04-30,2020,4, Monthly,2.13,984171.0,18.43,Rural,-0.5700000000000003,837214.0,-5.990000000000002,-15.580000000000002
Himachal Pradesh,2020-05-31,2020,5, Monthly,25.64,1732050.0,42.62,Rural,-24.36,1597182.0,-0.9299999999999997,23.51
Himachal Pradesh,2020-06-30,2020,6, Monthly,1.12,2230075.0,41.2,Rural,-9.690000000000001,2005173.0,0.5400000000000063,-24.52
Jammu & Kashmir,2019-05-31,2019,5, Monthly,12.78,2495186.0,40.57,Rural,-10.26,1365047.0,-6.170000000000002,
Jammu & Kashmir,2019-06-30,2019,6, Monthly,12.09,2423742.0,39.02,Rural,-7.789999999999999,1283927.0,-6.149999999999999,-0.6899999999999995
Jammu & Kashmir,2019-07-31,2019,7, Monthly,13.67,2549316.0,41.71,Rural,-7.880000000000001,1365546.0,-6.089999999999996,1.58
Jammu & Kashmir,2019-08-31,2019,8, Monthly,11.32,2778624.0,44.17,Rural,,,,-2.3499999999999996
Jammu & Kashmir,2019-10-31,2019,10, Monthly,19.27,2477621.0,43.08,Rural,-4.789999999999999,1448534.0,0.44999999999999574,7.949999999999999
Jammu & Kashmir,2019-11-30,2019,11, Monthly,14.73,2415724.0,39.69,Rural,0.4400000000000013,1188931.0,-5.230000000000004,-4.539999999999999
Jammu & Kashmir,2020-01-31,2020,1, Monthly,22.19,2373488.0,42.56,Rural,3.650000000000002,1293951.0,1.1600000000000037,7.460000000000001
Jammu & Kashmir,2020-02-29,2020,2, Monthly,21.23,2163397.0,38.25,Rural,1.370000000000001,1103281.0,-2.979999999999997,-0.9600000000000009
Jammu & Kashmir,2020-03-31,2020,3, Monthly,16.0,2361004.0,39.06,Rural,1.7100000000000009,1362901.0,2.8500000000000014,-5.23
Jammu & Kashmir,2020-05-31,2020,5, Monthly,2.22,2716966.0,38.46,Rural,-10.74,1779531.0,5.130000000000003,-13.78
Jammu & Kashmir,2020-06-30,2020,6, Monthly,18.97,2049617.0,34.94,Rural,,,,16.75
Jharkhand,2019-05-31,2019,5, Monthly,7.11,7035766.0,39.04,Rural,-10.120000000000001,4631733.0,-4.210000000000001,
Jharkhand,2019-06-30,2019,6, Monthly,8.46,7319782.0,41.12,Rural,-12.05,4992871.0,-2.3900000000000006,1.3500000000000005
Jharkhand,2019-07-31,2019,7, Monthly,9.98,6958404.0,39.66,Rural,-5.6899999999999995,4523825.0,-3.1600000000000037,1.5199999999999996
Jharkhand,2019-08-31,2019,8, Monthly,12.06,7015356.0,40.83,Rural,-8.19,4679950.0,-2.520000000000003,2.08
Jharkhand,2019-09-30,2019,9, Monthly,7.12,7500122.0,41.24,Rural,-14.04,5142495.0,-2.9399999999999977,-4.94
Jharkhand,2019-10-31,2019,10, Monthly,6.57,7761243.0,42.33,Rural,-12.48,5301047.0,-2.490000000000002,-0.5499999999999998
Jharkhand,2019-11-30,2019,11, Monthly,8.07,7279628.0,40.26,Rural,-9.27,4855347.0,-2.9100000000000037,1.5
Jharkhand,2019-12-31,2019,12, Monthly,15.15,6873437.0,41.09,Rural,-6.860000000000001,4583267.0,-2.049999999999997,7.08
Jharkhand,2020-01-31,2020,1, Monthly,6.16,7868736.0,42.43,Rural,-16.8,5539443.0,-1.8999999999999986,-8.99
Jharkhand,2020-02-29,2020,2, Monthly,9.06,7932402.0,44.05,Rural,-10.610000000000001,5439379.0,-1.3700000000000045,2.9000000000000004
Jharkhand,2020-03-31,2020,3, Monthly,5.01,7157454.0,37.96,Rural,-11.389999999999999,4676793.0,-5.380000000000003,-4.050000000000001
Jharkhand,2020-04-30,2020,4, Monthly,41.72,4280434.0,36.92,Rural,-19.759999999999998,3225605.0,-3.0,36.71
Jharkhand,2020-05-31,2020,5, Monthly,55.1,3315038.0,37.03,Rural,-15.07,2484691.0,-3.460000000000001,13.380000000000003
Jharkhand,2020-06-30,2020,6, Monthly,21.53,6375114.0,40.65,Rural,2.150000000000002,4130654.0,0.21999999999999886,-33.57
Karnataka,2019-05-31,2019,5, Monthly,5.46,13911440.0,46.36,Rural,-1.0999999999999996,5273201.0,5.740000000000002,
Karnataka,2019-06-30,2019,6, Monthly,5.98,12888490.0,43.12,Rural,0.9800000000000004,4025992.0,2.229999999999997,0.5200000000000005
Karnataka,2019-07-31,2019,7, Monthly,0.52,12169808.0,38.42,Rural,-1.77,3431779.0,-0.6700000000000017,-5.460000000000001
Karnataka,2019-08-31,2019,8, Monthly,0.37,12686470.0,39.93,Rural,-0.9,4072130.0,1.8900000000000006,-0.15000000000000002
Karnataka,2019-09-30,2019,9, Monthly,3.2,13741892.0,44.45,Rural,-0.36999999999999966,5094098.0,5.450000000000003,2.83
Karnataka,2019-10-31,2019,10, Monthly,7.13,12803527.0,43.1,Rural,3.26,4004278.0,3.3999999999999986,3.9299999999999997
Karnataka,2019-11-30,2019,11, Monthly,1.19,11537217.0,36.45,Rural,-2.25,2923382.0,-2.1499999999999986,-5.9399999999999995
Karnataka,2019-12-31,2019,12, Monthly,0.41,12756132.0,39.92,Rural,-1.1500000000000001,4163756.0,2.260000000000005,-0.78
Karnataka,2020-01-31,2020,1, Monthly,2.57,13938874.0,44.52,Rural,-0.7400000000000002,5189720.0,5.580000000000005,2.1599999999999997
Karnataka,2020-02-29,2020,2, Monthly,4.11,12753657.0,41.33,Rural,1.2300000000000004,3829596.0,1.8799999999999955,1.5400000000000005
Karnataka,2020-03-31,2020,3, Monthly,2.39,12853818.0,40.85,Rural,-2.53,3627983.0,-0.6999999999999957,-1.7200000000000002
Karnataka,2020-04-30,2020,4, Monthly,33.17,9330400.0,43.25,Rural,8.05,1942405.0,1.1099999999999994,30.78
Karnataka,2020-05-31,2020,5, Monthly,23.72,10626328.0,43.09,Rural,7.839999999999998,1957070.0,-0.8099999999999952,-9.450000000000003
Karnataka,2020-06-30,2020,6, Monthly,10.92,15396213.0,53.37,Rural,4.8,6573802.0,13.439999999999998,-12.799999999999999
Kerala,2019-05-31,2019,5, Monthly,6.63,5184355.0,38.07,Rural,0.5199999999999996,578442.0,1.4200000000000017,
Kerala,2019-06-30,2019,6, Monthly,9.0,5605627.0,42.19,Rural,2.33,927253.0,4.769999999999996,2.37
Kerala,2019-07-31,2019,7, Monthly,4.95,4855393.0,34.96,Rural,-2.63,750182.0,1.8299999999999983,-4.05
Kerala,2019-08-31,2019,8, Monthly,10.32,5233449.0,39.9,Rural,2.63,784799.0,3.990000000000002,5.37
Kerala,2019-09-30,2019,9, Monthly,5.35,5400499.0,38.97,Rural,-0.16999999999999993,759857.0,2.3999999999999986,-4.970000000000001
Kerala,2019-10-31,2019,10, Monthly,9.14,5328825.0,40.02,Rural,3.790000000000001,684315.0,3.530000000000001,3.790000000000001
Kerala,2019-11-30,2019,11, Monthly,5.0,4557906.0,32.71,Rural,-1.71,495139.0,0.3500000000000014,-4.140000000000001
Kerala,2019-12-31,2019,12, Monthly,10.77,5065804.0,38.67,Rural,3.46,625521.0,3.1099999999999994,5.77
Kerala,2020-01-31,2020,1, Monthly,4.11,5307026.0,37.66,Rural,-2.54,709519.0,1.1299999999999955,-6.659999999999999
Kerala,2020-02-29,2020,2, Monthly,8.91,5203579.0,38.84,Rural,2.83,579135.0,2.3600000000000065,4.8
Kerala,2020-03-31,2020,3, Monthly,8.85,4141953.0,30.87,Rural,-0.2900000000000009,62178.0,-2.370000000000001,-0.0600000000000005
Kerala,2020-04-30,2020,4, Monthly,10.71,1754170.0,13.33,Rural,-10.719999999999999,-424936.0,-7.1800000000000015,1.8600000000000012
Kerala,2020-05-31,2020,5, Monthly,23.38,3799919.0,33.62,Rural,-6.900000000000002,973801.0,3.669999999999998,12.669999999999998
Kerala,2020-06-30,2020,6, Monthly,27.66,3952088.0,37.01,Rural,15.49,-649205.0,-1.6700000000000017,4.280000000000001
Madhya Pradesh,2019-05-31,2019,5, Monthly,3.63,15349838.0,37.97,Rural,-0.28000000000000025,8657118.0,-0.990000000000002,
Madhya Pradesh,2019-06-30,2019,6, Monthly,4.25,16294794.0,40.48,Rural,-2.13,9785454.0,1.6799999999999997,0.6200000000000001
Madhya Pradesh,2019-07-31,2019,7, Monthly,3.92,16274707.0,40.2,Rural,-3.46,10008261.0,2.530000000000001,-0.33000000000000007
Madhya Pradesh,2019-08-31,2019,8, Monthly,4.94,16559137.0,41.25,Rural,-1.88,9749303.0,0.6499999999999986,1.0200000000000005
Madhya Pradesh,2019-09-30,2019,9, Monthly,3.08,16159315.0,39.4,Rural,-3.92,9503348.0,-0.2700000000000031,-1.8600000000000003
Madhya Pradesh,2019-10-31,2019,10, Monthly,2.98,17060638.0,41.46,Rural,-1.4200000000000004,10456923.0,3.259999999999998,-0.10000000000000009
Madhya Pradesh,2019-11-30,2019,11, Monthly,2.72,16306428.0,39.44,Rural,-3.3399999999999994,9846971.0,1.5,-0.2599999999999998
Madhya Pradesh,2019-12-31,2019,12, Monthly,2.94,16854647.0,40.77,Rural,-3.2600000000000002,10067244.0,0.9400000000000048,0.21999999999999975
Madhya Pradesh,2020-01-31,2020,1, Monthly,3.66,16183702.0,39.35,Rural,-1.5099999999999998,9348772.0,-0.240000000000002,0.7200000000000002
Madhya Pradesh,2020-02-29,2020,2, Monthly,4.42,16178044.0,39.57,Rural,-0.54,9644609.0,1.8900000000000006,0.7599999999999998
Madhya Pradesh,2020-03-31,2020,3, Monthly,1.19,16480441.0,38.9,Rural,-3.61,10093718.0,2.219999999999999,-3.23
Madhya Pradesh,2020-04-30,2020,4, Monthly,12.5,14238959.0,37.88,Rural,0.5600000000000005,9436086.0,8.120000000000001,11.31
Madhya Pradesh,2020-05-31,2020,5, Monthly,22.46,13099601.0,39.24,Rural,-18.03,9219667.0,3.75,9.96
Madhya Pradesh,2020-06-30,2020,6, Monthly,6.46,16748971.0,41.5,Rural,-6.260000000000001,10527409.0,2.780000000000001,-16.0
Maharashtra,2019-05-31,2019,5, Monthly,3.67,23896858.0,47.11,Rural,-2.41,6934284.0,8.810000000000002,
Maharashtra,2019-06-30,2019,6, Monthly,4.34,23056511.0,45.69,Rural,-2.12,5681458.0,6.390000000000001,0.6699999999999999
Maharashtra,2019-07-31,2019,7, Monthly,3.66,24843750.0,48.8,Rural,-2.6899999999999995,7628073.0,9.989999999999995,-0.6799999999999997
Maharashtra,2019-08-31,2019,8, Monthly,3.76,26835389.0,52.67,Rural,-3.8100000000000005,10232622.0,14.829999999999998,0.09999999999999964
Maharashtra,2019-09-30,2019,9, Monthly,4.4,25219281.0,49.74,Rural,-3.1999999999999993,7822883.0,10.160000000000004,0.6400000000000006
Maharashtra,2019-10-31,2019,10, Monthly,3.81,24330249.0,47.61,Rural,-3.6999999999999997,7108258.0,8.560000000000002,-0.5900000000000003
Maharashtra,2019-11-30,2019,11, Monthly,3.68,24881383.0,48.53,Rural,-3.9199999999999995,7394700.0,8.920000000000002,-0.1299999999999999
Maharashtra,2019-12-31,2019,12, Monthly,3.03,26357625.0,50.98,Rural,-4.800000000000001,9776481.0,13.409999999999997,-0.6500000000000004
Maharashtra,2020-01-31,2020,1, Monthly,3.8,25881398.0,50.36,Rural,-2.87,9165928.0,13.04,0.77
Maharashtra,2020-02-29,2020,2, Monthly,4.24,25293535.0,49.36,Rural,-1.0999999999999996,8170753.0,11.75,0.4400000000000004
Maharashtra,2020-03-31,2020,3, Monthly,5.38,23130976.0,45.6,Rural,-0.96,6065146.0,7.800000000000004,1.1399999999999997
Maharashtra,2020-04-30,2020,4, Monthly,25.28,15014802.0,37.42,Rural,10.290000000000001,2340351.0,6.560000000000002,19.900000000000002
Maharashtra,2020-05-31,2020,5, Monthly,16.89,18423447.0,41.21,Rural,0.9700000000000006,6057693.0,10.830000000000002,-8.39
Maharashtra,2020-06-30,2020,6, Monthly,9.4,23601016.0,48.34,Rural,-0.6099999999999994,7428326.0,11.300000000000004,-7.49
Meghalaya,2019-05-31,2019,5, Monthly,3.16,1119011.0,66.13,Rural,-5.24,890033.0,18.339999999999996,
Meghalaya,2019-06-30,2019,6, Monthly,4.23,1024797.0,61.09,Rural,-4.43,793545.0,12.800000000000004,1.0700000000000003
Meghalaya,2019-07-31,2019,7, Monthly,1.03,1158511.0,66.67,Rural,-3.3999999999999995,874496.0,10.120000000000005,-3.2
Meghalaya,2019-08-31,2019,8, Monthly,0.52,1065725.0,60.86,Rural,-5.279999999999999,806292.0,8.589999999999996,-0.51
Meghalaya,2019-09-30,2019,9, Monthly,0.24,1162159.0,66.02,Rural,-5.06,908272.0,15.249999999999993,-0.28
Meghalaya,2019-10-31,2019,10, Monthly,3.7,1080609.0,63.44,Rural,-3.5,846234.0,15.729999999999997,3.46
Meghalaya,2019-11-30,2019,11, Monthly,1.5,1205703.0,69.03,Rural,-1.52,912272.0,12.009999999999998,-2.2
Meghalaya,2019-12-31,2019,12, Monthly,1.8,1102997.0,63.18,Rural,-3.41,835580.0,10.14,0.30000000000000004
Meghalaya,2020-01-31,2020,1, Monthly,0.97,1229406.0,69.66,Rural,-3.79,967719.0,18.129999999999995,-0.8300000000000001
Meghalaya,2020-02-29,2020,2, Monthly,2.76,1112864.0,64.06,Rural,-4.61,878899.0,16.800000000000004,1.7899999999999998
Meghalaya,2020-03-31,2020,3, Monthly,1.28,1192616.0,67.46,Rural,-1.5199999999999998,902881.0,11.819999999999993,-1.4799999999999998
Meghalaya,2020-04-30,2020,4, Monthly,8.38,803118.0,48.83,Rural,-9.01,641179.0,12.32,7.1000000000000005
Meghalaya,2020-05-31,2020,5, Monthly,3.73,992148.0,57.26,Rural,-10.85,769232.0,8.780000000000001,-4.65
Meghalaya,2020-06-30,2020,6, Monthly,1.35,1150200.0,64.63,Rural,,,,-2.38
Odisha,2019-05-31,2019,5, Monthly,4.17,11155753.0,40.47,Rural,1.2199999999999998,8636171.0,-0.7899999999999991,
Odisha,2019-06-30,2019,6, Monthly,4.71,10965154.0,39.94,Rural,2.08,8608864.0,1.5499999999999972,0.54
Odisha,2019-07-31,2019,7, Monthly,3.31,12009883.0,43.05,Rural,1.53,9467646.0,2.059999999999995,-1.4
Odisha,2019-08-31,2019,8, Monthly,3.68,11727659.0,42.13,Rural,0.18000000000000016,9270676.0,1.8800000000000026,0.3700000000000001
Odisha,2019-09-30,2019,9, Monthly,4.31,11167715.0,40.32,Rural,0.5299999999999998,8597052.0,-1.8299999999999983,0.6299999999999994
Odisha,2019-10-31,2019,10, Monthly,4.28,11621534.0,41.88,Rural,-0.21999999999999975,9164679.0,1.3700000000000045,-0.02999999999999936
Odisha,2019-11-30,2019,11, Monthly,4.72,12192623.0,44.06,Rural,2.4899999999999998,9598154.0,2.3500000000000014,0.4399999999999995
Odisha,2019-12-31,2019,12, Monthly,4.67,11345069.0,40.91,Rural,1.31,8976021.0,2.4499999999999957,-0.04999999999999982
Odisha,2020-01-31,2020,1, Monthly,1.81,11182128.0,39.09,Rural,-0.46999999999999975,8620808.0,-1.9599999999999937,-2.86
Odisha,2020-02-29,2020,2, Monthly,3.31,11842655.0,41.98,Rural,1.12,9404575.0,3.009999999999998,1.5
Odisha,2020-03-31,2020,3, Monthly,15.09,9814156.0,39.55,Rural,11.129999999999999,7356204.0,-0.38000000000000256,11.78
Odisha,2020-04-30,2020,4, Monthly,24.48,5562449.0,25.16,Rural,3.9800000000000004,4259205.0,-0.370000000000001,9.39
Odisha,2020-05-31,2020,5, Monthly,9.45,9683719.0,36.48,Rural,-0.5500000000000007,7708238.0,2.3599999999999994,-15.030000000000001
Odisha,2020-06-30,2020,6, Monthly,4.59,10187145.0,36.36,Rural,2.4099999999999997,7966076.0,1.1199999999999974,-4.859999999999999
Puducherry,2019-05-31,2019,5, Monthly,0.0,172474.0,43.08,Rural,-1.25,-111431.0,7.369999999999997,
Puducherry,2019-06-30,2019,6, Monthly,0.0,184527.0,45.95,Rural,0.0,-119842.0,8.220000000000006,0.0
Puducherry,2019-07-31,2019,7, Monthly,0.0,139227.0,34.56,Rural,0.0,-141890.0,-0.21000000000000085,0.0
Puducherry,2019-08-31,2019,8, Monthly,4.85,183930.0,47.83,Rural,-4.1,-128952.0,5.420000000000002,4.85
Puducherry,2019-09-30,2019,9, Monthly,0.0,175718.0,43.34,Rural,-1.22,-110855.0,7.6100000000000065,-4.85
Puducherry,2019-10-31,2019,10, Monthly,1.18,180283.0,44.85,Rural,0.010000000000000009,-132265.0,5.990000000000002,1.18
Puducherry,2019-11-30,2019,11, Monthly,0.0,142787.0,35.0,Rural,-1.37,-132216.0,0.8100000000000023,-1.18
Puducherry,2019-12-31,2019,12, Monthly,1.99,180808.0,45.07,Rural,-3.2199999999999998,-132327.0,4.649999999999999,1.99
Puducherry,2020-01-31,2020,1, Monthly,0.58,176252.0,43.18,Rural,0.010000000000000009,-105446.0,8.589999999999996,-1.4100000000000001
Puducherry,2020-02-29,2020,2, Monthly,1.74,183619.0,45.38,Rural,-0.040000000000000036,-126723.0,6.880000000000003,1.1600000000000001
Puducherry,2020-03-31,2020,3, Monthly,2.31,142176.0,35.23,Rural,1.69,-136675.0,1.1099999999999994,0.5700000000000001
Puducherry,2020-04-30,2020,4, Monthly,74.51,49420.0,46.79,Rural,-2.2299999999999898,-18702.0,11.25,72.2
Punjab,2019-05-31,2019,5, Monthly,9.17,6088547.0,44.79,Rural,-4.32,2798629.0,4.759999999999998,
Punjab,2019-06-30,2019,6, Monthly,12.21,6025235.0,45.79,Rural,-0.9599999999999991,2717437.0,5.769999999999996,3.040000000000001
Punjab,2019-07-31,2019,7, Monthly,9.64,6308129.0,46.5,Rural,-1.9699999999999989,2715687.0,3.8800000000000026,-2.5700000000000003
Punjab,2019-08-31,2019,8, Monthly,6.69,6183427.0,44.08,Rural,-5.3,2683564.0,2.469999999999999,-2.95
Punjab,2019-09-30,2019,9, Monthly,8.59,6260971.0,45.49,Rural,-7.1,3033793.0,5.520000000000003,1.8999999999999995
Punjab,2019-10-31,2019,10, Monthly,12.56,6021921.0,45.66,Rural,-1.1899999999999995,2951483.0,8.559999999999995,3.9700000000000006
Punjab,2019-11-30,2019,11, Monthly,7.07,6395022.0,45.55,Rural,-3.3200000000000003,2792779.0,3.729999999999997,-5.49
Punjab,2019-12-31,2019,12, Monthly,6.13,6164215.0,43.4,Rural,-5.840000000000001,2588437.0,1.2299999999999969,-0.9400000000000004
Punjab,2020-01-31,2020,1, Monthly,9.69,6189471.0,45.22,Rural,-3.99,2936849.0,6.18,3.5599999999999996
Punjab,2020-02-29,2020,2, Monthly,10.41,6009820.0,44.19,Rural,-1.58,2790593.0,6.369999999999997,0.7200000000000006
Punjab,2020-03-31,2020,3, Monthly,10.51,6373692.0,46.85,Rural,0.5399999999999991,2771899.0,5.560000000000002,0.09999999999999964
Punjab,2020-04-30,2020,4, Monthly,3.69,4721590.0,32.2,Rural,2.56,2422615.0,8.250000000000004,-6.82
Punjab,2020-05-31,2020,5, Monthly,40.59,3727366.0,41.14,Rural,20.050000000000004,1044708.0,6.43,36.900000000000006
Punjab,2020-06-30,2020,6, Monthly,20.0,5364047.0,43.9,Rural,9.45,2316297.0,8.939999999999998,-20.590000000000003
Rajasthan,2019-05-31,2019,5, Monthly,4.03,15226005.0,38.52,Rural,-9.59,10117569.0,-0.9199999999999946,
Rajasthan,2019-06-30,2019,6, Monthly,13.7,14610564.0,41.02,Rural,-0.6600000000000001,9369390.0,0.29000000000000625,9.669999999999998
Rajasthan,2019-07-31,2019,7, Monthly,9.7,14859873.0,39.78,Rural,-1.9700000000000006,9487403.0,-0.6000000000000014,-4.0
Rajasthan,2019-08-31,2019,8, Monthly,12.5,15052051.0,41.48,Rural,-2.210000000000001,9856881.0,1.1399999999999935,2.8000000000000007
Rajasthan,2019-09-30,2019,9, Monthly,5.45,15419779.0,39.24,Rural,-7.180000000000001,10242960.0,0.09000000000000341,-7.05
Rajasthan,2019-10-31,2019,10, Monthly,14.66,15178544.0,42.69,Rural,1.6400000000000006,9794209.0,1.8900000000000006,9.21
Rajasthan,2019-11-30,2019,11, Monthly,10.47,15278556.0,40.87,Rural,-3.83,9971841.0,0.14000000000000057,-4.1899999999999995
Rajasthan,2019-12-31,2019,12, Monthly,13.96,15485307.0,43.0,Rural,-4.079999999999998,10375826.0,2.1000000000000014,3.49
Rajasthan,2020-01-31,2020,1, Monthly,8.0,15484353.0,40.12,Rural,-10.82,10326990.0,-1.470000000000006,-5.960000000000001
Rajasthan,2020-02-29,2020,2, Monthly,14.48,15040572.0,41.83,Rural,-2.539999999999999,9752229.0,0.21000000000000085,6.48
Rajasthan,2020-03-31,2020,3, Monthly,9.47,15059769.0,39.47,Rural,-9.069999999999999,10094858.0,-0.240000000000002,-5.01
Rajasthan,2020-04-30,2020,4, Monthly,12.25,13051219.0,35.21,Rural,-23.28,10118296.0,5.640000000000001,2.7799999999999994
Rajasthan,2020-05-31,2020,5, Monthly,10.45,15586833.0,41.11,Rural,-14.900000000000002,11361347.0,4.399999999999999,-1.8000000000000007
Rajasthan,2020-06-30,2020,6, Monthly,13.86,16076978.0,43.98,Rural,0.8200000000000003,10801194.0,4.719999999999999,3.41
Sikkim,2019-10-31,2019,10, Monthly,5.48,146688.0,44.06,Rural,-4.199999999999999,58714.0,-2.9099999999999966,
Sikkim,2019-11-30,2019,11, Monthly,13.11,162426.0,53.04,Rural,9.07,54675.0,-0.759999999999998,7.629999999999999
Sikkim,2019-12-31,2019,12, Monthly,1.0,161647.0,46.3,Rural,-6.37,73612.0,1.0599999999999952,-12.11
Sikkim,2020-04-30,2020,4, Monthly,0.0,133399.0,37.72,Rural,-5.77,51494.0,-2.5900000000000034,-1.0
Sikkim,2020-06-30,2020,6, Monthly,5.81,141313.0,42.36,Rural,3.1799999999999997,65044.0,6.509999999999998,5.81
Tamil Nadu,2019-05-31,2019,5, Monthly,0.97,15844698.0,49.44,Rural,0.07999999999999996,4046618.0,12.129999999999995,
Tamil Nadu,2019-06-30,2019,6, Monthly,0.92,16375303.0,50.99,Rural,-0.64,4056558.0,11.830000000000005,-0.04999999999999993
Tamil Nadu,2019-07-31,2019,7, Monthly,6.01,16455928.0,53.94,Rural,2.8299999999999996,4401514.0,15.049999999999997,5.09
Tamil Nadu,2019-08-31,2019,8, Monthly,2.91,16463931.0,52.17,Rural,-6.619999999999999,4530838.0,11.04,-3.0999999999999996
Tamil Nadu,2019-09-30,2019,9, Monthly,1.71,14595441.0,45.62,Rural,-0.15000000000000013,2692617.0,7.859999999999999,-1.2000000000000002
Tamil Nadu,2019-10-31,2019,10, Monthly,1.46,15595647.0,48.55,Rural,0.33000000000000007,3371699.0,10.129999999999995,-0.25
Tamil Nadu,2019-11-30,2019,11, Monthly,2.46,16223430.0,50.95,Rural,-0.18999999999999995,4493478.0,13.57,1.0
Tamil Nadu,2019-12-31,2019,12, Monthly,3.73,15356938.0,48.8,Rural,-4.32,3096549.0,7.509999999999998,1.27
Tamil Nadu,2020-01-31,2020,1, Monthly,1.18,14954646.0,46.23,Rural,-0.8699999999999999,3027651.0,8.589999999999996,-2.55
Tamil Nadu,2020-02-29,2020,2, Monthly,1.17,15828488.0,48.86,Rural,-2.14,4086387.0,11.380000000000003,-0.010000000000000009
Tamil Nadu,2020-03-31,2020,3, Monthly,6.36,15848590.0,51.56,Rural,-0.09999999999999964,4866412.0,15.39,5.19
Tamil Nadu,2020-04-30,2020,4, Monthly,53.19,5086200.0,33.05,Rural,7.640000000000001,453233.0,6.8799999999999955,46.83
Tamil Nadu,2020-05-31,2020,5, Monthly,38.73,5768342.0,28.6,Rural,12.779999999999998,34421.0,4.830000000000002,-14.46
Tamil Nadu,2020-06-30,2020,6, Monthly,2.06,10169115.0,31.49,Rural,-22.87,2428110.0,-0.11000000000000298,-36.669999999999995
Telangana,2019-05-31,2019,5, Monthly,2.23,11053353.0,61.74,Rural,0.71,5492704.0,17.15,
Telangana,2019-06-30,2019,6, Monthly,5.92,10728822.0,62.19,Rural,4.49,5045473.0,16.759999999999998,3.69
Telangana,2019-07-31,2019,7, Monthly,2.45,11538688.0,64.4,Rural,-1.2799999999999998,6106185.0,20.040000000000006,-3.4699999999999998
Telangana,2019-08-31,2019,8, Monthly,1.4,10743959.0,59.23,Rural,-2.7900000000000005,5199266.0,13.839999999999996,-1.0500000000000003
Telangana,2019-09-30,2019,9, Monthly,5.49,12636415.0,72.57,Rural,-0.7000000000000002,6967630.0,25.289999999999992,4.09
Telangana,2019-10-31,2019,10, Monthly,7.29,11375354.0,66.49,Rural,0.5499999999999998,6057013.0,21.979999999999997,1.7999999999999998
Telangana,2019-11-30,2019,11, Monthly,6.47,11265828.0,65.17,Rural,1.2399999999999993,5927709.0,21.300000000000004,-0.8200000000000003
Telangana,2019-12-31,2019,12, Monthly,1.35,11068056.0,60.61,Rural,-2.8699999999999997,5750274.0,17.479999999999997,-5.119999999999999
Telangana,2020-01-31,2020,1, Monthly,5.02,12065915.0,68.51,Rural,-1.4700000000000006,6522535.0,22.560000000000002,3.6699999999999995
Telangana,2020-02-29,2020,2, Monthly,9.02,11304474.0,66.92,Rural,2.2799999999999994,5782978.0,21.14,4.0
Telangana,2020-03-31,2020,3, Monthly,5.63,12028377.0,68.53,Rural,-0.46999999999999975,6715141.0,24.880000000000003,-3.3899999999999997
Telangana,2020-04-30,2020,4, Monthly,4.51,8793799.0,49.44,Rural,-5.99,5415368.0,20.389999999999997,-1.12
Telangana,2020-05-31,2020,5, Monthly,34.01,7508747.0,61.0,Rural,-2.5600000000000023,4399917.0,23.369999999999997,29.5
Telangana,2020-06-30,2020,6, Monthly,19.3,8891181.0,58.97,Rural,12.38,4313186.0,21.29,-14.709999999999997
Tripura,2019-05-31,2019,5, Monthly,29.25,1019549.0,64.47,Rural,-5.439999999999998,596422.0,-5.030000000000001,
Tripura,2019-06-30,2019,6, Monthly,26.64,1107013.0,67.4,Rural,1.0500000000000007,698275.0,8.600000000000009,-2.6099999999999994
Tripura,2019-07-31,2019,7, Monthly,22.47,1052597.0,60.54,Rural,-3.34,642014.0,1.4399999999999977,-4.170000000000002
Tripura,2019-08-31,2019,8, Monthly,25.49,975501.0,58.29,Rural,-7.960000000000004,606524.0,-0.7800000000000011,3.0199999999999996
Tripura,2019-09-30,2019,9, Monthly,30.23,1034408.0,65.9,Rural,-3.34,616365.0,-1.0,4.740000000000002
Tripura,2019-10-31,2019,10, Monthly,27.54,1113764.0,68.21,Rural,0.8699999999999974,698956.0,8.209999999999994,-2.6900000000000013
Tripura,2019-11-30,2019,11, Monthly,25.25,1084633.0,64.29,Rural,-1.8999999999999986,656933.0,2.1500000000000057,-2.289999999999999
Tripura,2019-12-31,2019,12, Monthly,26.53,1046878.0,63.02,Rural,-6.949999999999996,647451.0,-0.38999999999999346,1.2800000000000011
Tripura,2020-01-31,2020,1, Monthly,31.91,1057975.0,68.61,Rural,-2.4599999999999973,607820.0,-3.6500000000000057,5.379999999999999
Tripura,2020-02-29,2020,2, Monthly,26.22,1169347.0,69.88,Rural,-7.660000000000004,754008.0,3.839999999999989,-5.690000000000001
Tripura,2020-03-31,2020,3, Monthly,31.61,1060946.0,68.28,Rural,5.919999999999998,610675.0,4.719999999999999,5.390000000000001
Tripura,2020-04-30,2020,4, Monthly,43.64,675083.0,52.63,Rural,8.759999999999998,378652.0,4.980000000000004,12.030000000000001
Tripura,2020-05-31,2020,5, Monthly,14.71,911789.0,46.9,Rural,-2.0700000000000003,526790.0,-1.4100000000000037,-28.93
Tripura,2020-06-30,2020,6, Monthly,18.84,1106978.0,59.74,Rural,-8.629999999999999,715963.0,3.5700000000000003,4.129999999999999
Uttar Pradesh,2019-05-31,2019,5, Monthly,10.26,43287808.0,39.96,Rural,-4.140000000000001,29896564.0,-0.46999999999999886,
Uttar Pradesh,2019-06-30,2019,6, Monthly,11.13,42276572.0,39.32,Rural,-0.48999999999999844,28652120.0,-0.4299999999999997,0.870000000000001
Uttar Pradesh,2019-07-31,2019,7, Monthly,9.19,42697000.0,38.78,Rural,-2.610000000000001,28834569.0,-1.6499999999999986,-1.9400000000000013
Uttar Pradesh,2019-08-31,2019,8, Monthly,11.47,43298746.0,40.24,Rural,-3.26,29718505.0,-0.6299999999999955,2.280000000000001
Uttar Pradesh,2019-09-30,2019,9, Monthly,6.45,44198762.0,38.79,Rural,-7.13,30675792.0,-1.2800000000000011,-5.0200000000000005
Uttar Pradesh,2019-10-31,2019,10, Monthly,10.18,42833265.0,39.07,Rural,-0.16999999999999993,28894962.0,-0.6400000000000006,3.7299999999999995
Uttar Pradesh,2019-11-30,2019,11, Monthly,6.94,43261530.0,38.01,Rural,-4.37,29132642.0,-2.5900000000000034,-3.2399999999999993
Uttar Pradesh,2019-12-31,2019,12, Monthly,8.43,44640087.0,39.77,Rural,-3.9399999999999995,30782887.0,-0.4399999999999977,1.4899999999999993
Uttar Pradesh,2020-01-31,2020,1, Monthly,6.06,45777509.0,39.67,Rural,-6.28,32121259.0,0.14999999999999858,-2.37
Uttar Pradesh,2020-02-29,2020,2, Monthly,8.12,44257432.0,39.13,Rural,-3.530000000000001,30454333.0,-0.4099999999999966,2.0599999999999996
Uttar Pradesh,2020-03-31,2020,3, Monthly,9.37,43086706.0,38.53,Rural,-2.950000000000001,29197074.0,-1.4699999999999989,1.25
Uttar Pradesh,2020-04-30,2020,4, Monthly,19.92,39970677.0,40.37,Rural,-7.02,29026298.0,2.6299999999999955,10.550000000000002
Uttar Pradesh,2020-05-31,2020,5, Monthly,16.89,38640999.0,37.52,Rural,-15.170000000000002,27529513.0,-3.5799999999999983,-3.030000000000001
Uttar Pradesh,2020-06-30,2020,6, Monthly,8.51,41908909.0,36.89,Rural,-4.540000000000001,28700185.0,-1.2000000000000028,-8.38
Uttarakhand,2019-05-31,2019,5, Monthly,1.63,2108044.0,37.47,Rural,-7.54,1431247.0,11.14,
Uttarakhand,2019-06-30,2019,6, Monthly,4.65,2021553.0,37.01,Rural,-0.040000000000000036,1114664.0,3.469999999999999,3.0200000000000005
Uttarakhand,2019-07-31,2019,7, Monthly,5.74,2000524.0,36.97,Rural,-1.2000000000000002,1140624.0,4.490000000000002,1.0899999999999999
Uttarakhand,2019-08-31,2019,8, Monthly,6.11,1911380.0,35.39,Rural,-1.3199999999999994,1087413.0,4.18,0.3700000000000001
Uttarakhand,2019-09-30,2019,9, Monthly,3.47,2157845.0,38.79,Rural,-6.149999999999999,1446695.0,11.279999999999998,-2.64
Uttarakhand,2019-10-31,2019,10, Monthly,4.83,2027662.0,36.9,Rural,0.11000000000000032,1102488.0,3.030000000000001,1.3599999999999999
Uttarakhand,2019-11-30,2019,11, Monthly,5.56,2007113.0,36.73,Rural,-0.7800000000000002,1102210.0,3.1199999999999974,0.7299999999999995
Uttarakhand,2019-12-31,2019,12, Monthly,4.52,1947566.0,35.19,Rural,-2.87,1102787.0,3.539999999999999,-1.04
Uttarakhand,2020-01-31,2020,1, Monthly,4.17,1986386.0,35.69,Rural,-4.75,1261133.0,8.139999999999997,-0.34999999999999964
Uttarakhand,2020-02-29,2020,2, Monthly,4.85,2057523.0,37.16,Rural,-0.4300000000000006,1094115.0,2.049999999999997,0.6799999999999997
Uttarakhand,2020-04-30,2020,4, Monthly,3.66,1972074.0,35.04,Rural,-9.52,1224033.0,5.449999999999999,-1.1899999999999995
Uttarakhand,2020-05-31,2020,5, Monthly,3.57,1915482.0,33.94,Rural,-13.79,1136892.0,1.6699999999999946,-0.0900000000000003
Uttarakhand,2020-06-30,2020,6, Monthly,10.71,1675441.0,32.0,Rural,5.630000000000001,685971.0,-3.6099999999999994,7.140000000000001
West Bengal,2019-05-31,2019,5, Monthly,6.02,23452875.0,46.41,Rural,-1.2300000000000004,12146698.0,0.03999999999999915,
West Bengal,2019-06-30,2019,6, Monthly,5.85,25543465.0,50.36,Rural,-1.5300000000000002,14931967.0,6.850000000000001,-0.16999999999999993
West Bengal,2019-07-31,2019,7, Monthly,5.62,24857807.0,48.78,Rural,-2.29,14077978.0,4.399999999999999,-0.22999999999999954
West Bengal,2019-08-31,2019,8, Monthly,5.58,24924827.0,48.79,Rural,-1.6899999999999995,13468334.0,2.019999999999996,-0.040000000000000036
West Bengal,2019-09-30,2019,9, Monthly,5.26,25610773.0,49.87,Rural,-2.5300000000000002,14452124.0,4.1299999999999955,-0.3200000000000003
West Bengal,2019-10-31,2019,10, Monthly,6.78,24353018.0,48.09,Rural,-1.0499999999999998,13789332.0,4.840000000000003,1.5200000000000005
West Bengal,2019-11-30,2019,11, Monthly,5.83,25630359.0,50.0,Rural,-0.7800000000000002,14861897.0,6.560000000000002,-0.9500000000000002
West Bengal,2019-12-31,2019,12, Monthly,5.79,24906239.0,48.47,Rural,-1.4500000000000002,13570543.0,2.5,-0.040000000000000036
West Bengal,2020-01-31,2020,1, Monthly,6.79,24612171.0,48.3,Rural,-0.47999999999999954,13403554.0,2.9099999999999966,1.0
West Bengal,2020-02-29,2020,2, Monthly,3.78,26093009.0,49.51,Rural,-3.77,15221841.0,5.419999999999995,-3.0100000000000002
West Bengal,2020-03-31,2020,3, Monthly,7.02,25097812.0,49.18,Rural,0.34999999999999964,14291707.0,5.839999999999996,3.2399999999999998
West Bengal,2020-04-30,2020,4, Monthly,18.32,17639370.0,39.27,Rural,2.6899999999999995,8339904.0,-1.9299999999999997,11.3
West Bengal,2020-05-31,2020,5, Monthly,18.43,19115772.0,42.53,Rural,3.209999999999999,9874869.0,1.8599999999999994,0.10999999999999943
West Bengal,2020-06-30,2020,6, Monthly,4.94,21225887.0,40.44,Rural,-4.919999999999999,12136956.0,2.8699999999999974,-13.489999999999998
Andhra Pradesh,2019-05-31,2019,5,Monthly,6.09,4788661.0,37.45,Urban,-2.44,7210478.0,5.789999999999999,5.24
Andhra Pradesh,2019-06-30,2019,6,Monthly,3.8,4824630.0,36.76,Urban,-0.75,6931251.0,5.289999999999999,-2.29
Andhra Pradesh,2019-07-31,2019,7,Monthly,5.64,4657443.0,36.1,Urban,-1.8899999999999997,7429264.0,7.399999999999999,1.8399999999999999
Andhra Pradesh,2019-08-31,2019,8,Monthly,4.61,4743179.0,36.29,Urban,-1.2900000000000005,7542514.0,7.68,-1.0299999999999994
Andhra Pradesh,2019-09-30,2019,9,Monthly,6.01,4733996.0,36.69,Urban,-0.8399999999999999,7522766.0,7.990000000000002,1.3999999999999995
Andhra Pradesh,2019-10-31,2019,10,Monthly,4.7,4774377.0,36.41,Urban,-1.1800000000000002,7243035.0,6.600000000000001,-1.3099999999999996
Andhra Pradesh,2019-11-30,2019,11,Monthly,7.54,4668772.0,36.62,Urban,-3.42,6728909.0,4.380000000000003,2.84
Andhra Pradesh,2019-12-31,2019,12,Monthly,7.88,4913963.0,38.61,Urban,-3.5,7614432.0,6.530000000000001,0.33999999999999986
Andhra Pradesh,2020-01-31,2020,1,Monthly,7.11,4618860.0,35.91,Urban,-2.2700000000000005,7397816.0,7.550000000000004,-0.7699999999999996
Andhra Pradesh,2020-02-29,2020,2,Monthly,5.66,4822035.0,36.84,Urban,0.25,6901582.0,5.989999999999995,-1.4500000000000002
Andhra Pradesh,2020-03-31,2020,3,Monthly,9.88,4521537.0,36.08,Urban,-5.820000000000001,6838123.0,4.579999999999998,4.220000000000001
Andhra Pradesh,2020-04-30,2020,4,Monthly,32.3,2544084.0,26.97,Urban,-16.009999999999998,6248743.0,9.060000000000002,22.419999999999995
Andhra Pradesh,2020-05-31,2020,5,Monthly,24.91,3428356.0,32.69,Urban,-10.45,6098546.0,5.469999999999999,-7.389999999999997
Andhra Pradesh,2020-06-30,2020,6,Monthly,5.86,4954389.0,37.61,Urban,-5.010000000000001,10618586.0,16.15,-19.05
Assam,2019-05-31,2019,5,Monthly,7.87,1671707.0,44.92,Urban,-3.58,10077627.0,12.469999999999999,7.87
Assam,2019-06-30,2019,6,Monthly,9.89,1647342.0,45.17,Urban,-4.8100000000000005,7275880.0,-1.3000000000000043,2.0200000000000005
Assam,2019-07-31,2019,7,Monthly,3.21,1739838.0,44.32,Urban,1.0499999999999998,8171696.0,3.8900000000000006,-6.680000000000001
Assam,2019-08-31,2019,8,Monthly,10.39,1595582.0,43.81,Urban,-4.6000000000000005,7696457.0,2.019999999999996,7.180000000000001
Assam,2019-09-30,2019,9,Monthly,9.26,1576480.0,42.66,Urban,-4.8,9891869.0,13.010000000000005,-1.1300000000000008
Assam,2019-10-31,2019,10,Monthly,11.17,1595176.0,44.01,Urban,-6.52,6800730.0,-3.25,1.9100000000000001
Assam,2019-11-30,2019,11,Monthly,6.31,1708045.0,44.59,Urban,-1.6499999999999995,7917317.0,2.049999999999997,-4.86
Assam,2019-12-31,2019,12,Monthly,5.02,1722303.0,44.26,Urban,,,,-1.29
Assam,2020-01-31,2020,1,Monthly,7.24,1630908.0,42.82,Urban,-2.95,9790088.0,12.079999999999998,2.2200000000000006
Assam,2020-02-29,2020,2,Monthly,9.98,1625454.0,43.9,Urban,-6.720000000000001,6837360.0,-3.729999999999997,2.74
Assam,2020-03-31,2020,3,Monthly,10.34,1664145.0,45.03,Urban,-6.57,8214597.0,2.019999999999996,0.35999999999999943
Assam,2020-04-30,2020,4,Monthly,8.37,1454956.0,38.45,Urban,,,,-1.9700000000000006
Assam,2020-05-31,2020,5,Monthly,10.77,1441722.0,39.04,Urban,-1.3899999999999988,8484454.0,10.96,2.4000000000000004
Assam,2020-06-30,2020,6,Monthly,3.42,1551007.0,38.73,Urban,-3.42,5993930.0,-4.349999999999994,-7.35
Bihar,2019-05-31,2019,5,Monthly,19.9,3029344.0,39.8,Urban,-10.629999999999999,21292986.0,-0.04999999999999716,-0.5899999999999999
Bihar,2019-06-30,2019,6,Monthly,13.29,3248864.0,39.35,Urban,-3.09,20848848.0,0.35999999999999943,-6.609999999999999
Bihar,2019-07-31,2019,7,Monthly,16.41,3059744.0,38.36,Urban,-2.9700000000000006,20189131.0,1.2999999999999972,3.120000000000001
Bihar,2019-08-31,2019,8,Monthly,17.66,2994763.0,38.03,Urban,-6.66,19265440.0,-1.1799999999999997,1.25
Bihar,2019-09-30,2019,9,Monthly,20.46,2992082.0,39.25,Urban,-11.590000000000002,20913618.0,-0.6799999999999997,2.8000000000000007
Bihar,2019-10-31,2019,10,Monthly,14.06,3173429.0,38.45,Urban,-1.5899999999999999,20879711.0,1.8599999999999994,-6.4
Bihar,2019-11-30,2019,11,Monthly,17.62,3081077.0,38.86,Urban,-5.220000000000001,19364912.0,-1.3500000000000014,3.5600000000000005
Bihar,2019-12-31,2019,12,Monthly,14.91,2977857.0,36.29,Urban,-4.75,19936673.0,0.9600000000000009,-2.710000000000001
Bihar,2020-01-31,2020,1,Monthly,20.69,2988665.0,38.99,Urban,-11.56,20420341.0,-1.4500000000000028,5.780000000000001
Bihar,2020-02-29,2020,2,Monthly,15.11,3113464.0,37.87,Urban,-5.5,20054728.0,-0.5899999999999963,-5.580000000000002
Bihar,2020-03-31,2020,3,Monthly,15.73,3049637.0,37.29,Urban,-0.33999999999999986,19618245.0,1.5900000000000034,0.620000000000001
Bihar,2020-04-30,2020,4,Monthly,58.77,1400962.0,34.94,Urban,-13.68,13244313.0,3.690000000000005,43.040000000000006
Bihar,2020-05-31,2020,5,Monthly,37.87,2207026.0,36.45,Urban,9.39,11843293.0,2.049999999999997,-20.900000000000006
Bihar,2020-06-30,2020,6,Monthly,12.45,3124663.0,36.54,Urban,8.04,17497903.0,0.8599999999999994,-25.419999999999998
Chandigarh,2019-05-31,2019,5,Monthly,18.35,348042.0,44.89,Urban,,,,
Chandigarh,2019-06-30,2019,6,Monthly,12.4,337145.0,40.44,Urban,,,,-5.950000000000001
Chandigarh,2019-07-31,2019,7,Monthly,21.8,294379.0,39.47,Urban,,,,9.4
Chandigarh,2019-08-31,2019,8,Monthly,9.52,328282.0,37.95,Urban,,,,-12.280000000000001
Chandigarh,2019-09-30,2019,9,Monthly,20.14,327239.0,42.77,Urban,,,,10.620000000000001
Chandigarh,2019-10-31,2019,10,Monthly,13.99,330856.0,40.06,Urban,,,,-6.15
Chandigarh,2019-11-30,2019,11,Monthly,22.05,289593.0,38.6,Urban,,,,8.06
Chandigarh,2019-12-31,2019,12,Monthly,8.33,311146.0,35.19,Urban,,,,-13.72
Chandigarh,2020-01-31,2020,1,Monthly,20.0,332062.0,42.94,Urban,,,,11.67
Chandigarh,2020-02-29,2020,2,Monthly,16.67,316887.0,39.25,Urban,,,,-3.3299999999999983
Chandigarh,2020-03-31,2020,3,Monthly,21.43,279839.0,36.68,Urban,,,,4.759999999999998
Chandigarh,2020-06-30,2020,6,Monthly,7.22,306505.0,33.8,Urban,,,,-14.21
Chhattisgarh,2019-05-31,2019,5,Monthly,9.77,2223129.0,45.61,Urban,0.05000000000000071,4035890.0,-2.719999999999999,-0.370000000000001
Chhattisgarh,2019-06-30,2019,6,Monthly,11.77,2192020.0,45.88,Urban,-5.01,4416606.0,-2.1700000000000017,2.0
Chhattisgarh,2019-07-31,2019,7,Monthly,8.17,2285436.0,45.85,Urban,-3.63,4468186.0,-2.3200000000000003,-3.5999999999999996
Chhattisgarh,2019-08-31,2019,8,Monthly,6.29,2392400.0,46.91,Urban,-1.6500000000000004,4215294.0,-4.359999999999999,-1.88
Chhattisgarh,2019-09-30,2019,9,Monthly,9.46,2311507.0,46.8,Urban,-1.1300000000000008,4179269.0,-3.4199999999999946,3.170000000000001
Chhattisgarh,2019-10-31,2019,10,Monthly,10.27,2297096.0,46.82,Urban,-3.3099999999999996,4746744.0,-0.5399999999999991,0.8099999999999987
Chhattisgarh,2019-11-30,2019,11,Monthly,8.32,2341284.0,46.59,Urban,-5.550000000000001,4601647.0,-3.030000000000001,-1.9499999999999993
Chhattisgarh,2019-12-31,2019,12,Monthly,3.57,2415436.0,45.59,Urban,2.5400000000000005,4153949.0,-3.0,-4.75
Chhattisgarh,2020-01-31,2020,1,Monthly,9.01,2315972.0,46.21,Urban,0.8800000000000008,3920229.0,-4.18,5.4399999999999995
Chhattisgarh,2020-02-29,2020,2,Monthly,9.79,2347941.0,47.14,Urban,-1.8999999999999995,4499232.0,-2.0900000000000034,0.7799999999999994
Chhattisgarh,2020-03-31,2020,3,Monthly,8.21,2407509.0,47.39,Urban,-0.9000000000000012,4487299.0,-2.4100000000000037,-1.5799999999999983
Chhattisgarh,2020-04-30,2020,4,Monthly,20.13,1066126.0,24.06,Urban,-20.13,5468195.0,15.370000000000001,11.919999999999998
Chhattisgarh,2020-05-31,2020,5,Monthly,24.1,1276291.0,30.24,Urban,-16.46,4177800.0,5.320000000000004,3.9700000000000024
Chhattisgarh,2020-06-30,2020,6,Monthly,27.07,1602231.0,39.41,Urban,-16.93,4178864.0,-0.75,2.969999999999999
Delhi,2019-05-31,2019,5,Monthly,12.31,5756475.0,44.17,Urban,0.25,-5586988.0,-1.8400000000000034,-8.83
Delhi,2019-06-30,2019,6,Monthly,12.76,5550172.0,42.71,Urban,-3.4299999999999997,-5401096.0,-6.969999999999999,0.4499999999999993
Delhi,2019-07-31,2019,7,Monthly,14.68,5393091.0,42.34,Urban,-3.6099999999999994,-5226486.0,-1.8100000000000023,1.92
Delhi,2019-08-31,2019,8,Monthly,13.52,5552510.0,42.9,Urban,3.66,-5417103.0,-7.689999999999998,-1.1600000000000001
Delhi,2019-09-30,2019,9,Monthly,20.59,5642253.0,47.36,Urban,-8.09,-5476197.0,-6.68,7.07
Delhi,2019-10-31,2019,10,Monthly,12.41,6030363.0,45.78,Urban,3.4299999999999997,-5880852.0,-7.880000000000003,-8.18
Delhi,2019-11-30,2019,11,Monthly,16.11,5439600.0,43.02,Urban,-5.0,-5260832.0,-0.3100000000000023,3.6999999999999993
Delhi,2019-12-31,2019,12,Monthly,11.07,5718337.0,42.56,Urban,5.899999999999999,-5572666.0,-5.480000000000004,-5.039999999999999
Delhi,2020-01-31,2020,1,Monthly,22.45,5647493.0,48.09,Urban,-8.969999999999999,-5489702.0,-9.730000000000004,11.379999999999999
Delhi,2020-02-29,2020,2,Monthly,14.86,5708807.0,44.18,Urban,-1.049999999999999,-5561307.0,-8.339999999999996,-7.59
Delhi,2020-03-31,2020,3,Monthly,17.09,5401392.0,42.82,Urban,-1.9100000000000001,-5248979.0,-5.369999999999997,2.2300000000000004
Delhi,2020-04-30,2020,4,Monthly,16.51,3003787.0,23.59,Urban,4.18,-2888300.0,6.620000000000001,-0.5799999999999983
Delhi,2020-05-31,2020,5,Monthly,45.78,2343783.0,28.28,Urban,-23.02,-2214173.0,6.369999999999997,29.27
Delhi,2020-06-30,2020,6,Monthly,18.11,4306807.0,34.32,Urban,3.030000000000001,-4194699.0,-5.100000000000001,-27.67
Goa,2019-05-31,2019,5,Monthly,2.75,264855.0,34.17,Urban,0.16000000000000014,-85515.0,4.989999999999995,-17.25
Goa,2019-06-30,2019,6,Monthly,13.33,304015.0,43.96,Urban,-7.88,-133544.0,-5.770000000000003,10.58
Goa,2019-07-31,2019,7,Monthly,12.28,280367.0,40.0,Urban,-1.299999999999999,-112930.0,-0.18999999999999773,-1.0500000000000007
Goa,2019-08-31,2019,8,Monthly,4.9,243277.0,31.97,Urban,-2.9200000000000004,-59674.0,7.640000000000001,-7.379999999999999
Goa,2019-09-30,2019,9,Monthly,3.16,309643.0,39.92,Urban,0.44999999999999973,-146428.0,-4.140000000000001,-1.7400000000000002
Goa,2019-10-31,2019,10,Monthly,12.31,290264.0,41.27,Urban,-5.1000000000000005,-112824.0,-0.9100000000000037,9.15
Goa,2019-11-30,2019,11,Monthly,25.2,271612.0,45.22,Urban,-1.4899999999999984,-112123.0,-1.1299999999999955,12.889999999999999
Goa,2019-12-31,2019,12,Monthly,16.22,288154.0,42.77,Urban,-12.68,-110999.0,-4.07,-8.98
Goa,2020-01-31,2020,1,Monthly,10.92,257814.0,35.95,Urban,-5.54,-98878.0,-0.5900000000000034,-5.299999999999999
Goa,2020-02-29,2020,2,Monthly,4.31,306396.0,39.73,Urban,-4.31,-134724.0,-3.6199999999999974,-6.61
Goa,2020-03-31,2020,3,Monthly,4.76,277093.0,36.05,Urban,,,,0.4500000000000002
Goa,2020-04-30,2020,4,Monthly,11.76,318957.0,44.74,Urban,4.15,-137300.0,0.6199999999999974,7.0
Gujarat,2019-05-31,2019,5,Monthly,4.09,9686558.0,41.67,Urban,-1.21,4268170.0,10.36,2.6799999999999997
Gujarat,2019-06-30,2019,6,Monthly,6.31,10144965.0,44.57,Urban,-1.54,3054316.0,5.549999999999997,2.2199999999999998
Gujarat,2019-07-31,2019,7,Monthly,5.15,9828023.0,42.54,Urban,-0.5700000000000003,4499060.0,11.670000000000002,-1.1599999999999993
Gujarat,2019-08-31,2019,8,Monthly,4.2,10228154.0,43.72,Urban,-0.5,3279188.0,6.850000000000001,-0.9500000000000002
Gujarat,2019-09-30,2019,9,Monthly,5.96,9609939.0,41.75,Urban,0.33000000000000007,3670844.0,9.259999999999998,1.7599999999999998
Gujarat,2019-10-31,2019,10,Monthly,5.45,10474217.0,45.14,Urban,-0.54,3354295.0,7.130000000000003,-0.5099999999999998
Gujarat,2019-11-30,2019,11,Monthly,7.53,9896129.0,43.5,Urban,-2.8500000000000005,4591686.0,11.049999999999997,2.08
Gujarat,2019-12-31,2019,12,Monthly,5.71,10172812.0,43.75,Urban,-2.25,3705013.0,7.759999999999998,-1.8200000000000003
Gujarat,2020-01-31,2020,1,Monthly,5.82,9824501.0,42.19,Urban,-0.47000000000000064,4477343.0,11.880000000000003,0.11000000000000032
Gujarat,2020-02-29,2020,2,Monthly,6.04,10784753.0,46.31,Urban,0.5999999999999996,3188289.0,7.169999999999995,0.21999999999999975
Gujarat,2020-03-31,2020,3,Monthly,5.39,10083026.0,42.9,Urban,2.2,3400589.0,9.160000000000004,-0.6500000000000004
Gujarat,2020-04-30,2020,4,Monthly,25.94,6701284.0,36.33,Urban,-13.940000000000001,1886310.0,-1.5599999999999952,20.55
Gujarat,2020-05-31,2020,5,Monthly,11.62,6072776.0,27.52,Urban,2.960000000000001,5048348.0,18.790000000000003,-14.320000000000002
Gujarat,2020-06-30,2020,6,Monthly,4.54,10574711.0,44.26,Urban,-3.13,2669211.0,3.460000000000001,-7.079999999999999
Haryana,2019-05-31,2019,5,Monthly,24.67,2693596.0,43.18,Urban,-10.130000000000003,2555590.0,1.9399999999999977,-10.899999999999999
Haryana,2019-06-30,2019,6,Monthly,20.42,2845190.0,43.06,Urban,2.6599999999999966,1899988.0,2.1699999999999946,-4.25
Haryana,2019-07-31,2019,7,Monthly,25.45,2405973.0,38.77,Urban,-9.23,2420587.0,3.3999999999999986,5.029999999999998
Haryana,2019-08-31,2019,8,Monthly,24.19,2523005.0,39.87,Urban,6.75,2035301.0,8.36,-1.259999999999998
Haryana,2019-09-30,2019,9,Monthly,26.84,2675862.0,43.7,Urban,-10.48,2452094.0,1.019999999999996,2.6499999999999986
Haryana,2019-10-31,2019,10,Monthly,21.04,2821456.0,42.58,Urban,3.1300000000000026,1977377.0,3.490000000000002,-5.800000000000001
Haryana,2019-11-30,2019,11,Monthly,27.06,2404239.0,39.18,Urban,-10.469999999999999,2471524.0,3.299999999999997,6.02
Haryana,2019-12-31,2019,12,Monthly,23.65,2548835.0,39.57,Urban,5.91,2054649.0,7.829999999999998,-3.41
Haryana,2020-01-31,2020,1,Monthly,27.24,2630938.0,42.75,Urban,-11.029999999999998,2431355.0,0.990000000000002,3.59
Haryana,2020-02-29,2020,2,Monthly,23.29,2752834.0,42.32,Urban,3.900000000000002,1817274.0,3.049999999999997,-3.9499999999999993
Haryana,2020-03-31,2020,3,Monthly,27.14,2275407.0,36.73,Urban,-3.219999999999999,2090741.0,4.670000000000002,3.8500000000000014
Haryana,2020-04-30,2020,4,Monthly,46.89,1606580.0,35.48,Urban,-5.280000000000001,2434470.0,14.370000000000005,19.75
Haryana,2020-05-31,2020,5,Monthly,38.46,2013083.0,38.27,Urban,-4.240000000000002,1901110.0,4.509999999999998,-8.43
Haryana,2020-06-30,2020,6,Monthly,29.41,2304138.0,38.09,Urban,6.16,2053697.0,10.439999999999998,-9.05
Himachal Pradesh,2019-05-31,2019,5,Monthly,10.88,245668.0,45.27,Urban,2.799999999999999,1800092.0,-1.0400000000000063,9.760000000000002
Himachal Pradesh,2019-06-30,2019,6,Monthly,21.43,237576.0,49.58,Urban,-10.0,1719505.0,-8.399999999999999,10.549999999999999
Himachal Pradesh,2019-07-31,2019,7,Monthly,21.51,235894.0,49.22,Urban,-0.9200000000000017,1680930.0,-4.310000000000002,0.08000000000000185
Himachal Pradesh,2019-08-31,2019,8,Monthly,24.48,236315.0,51.17,Urban,-5.920000000000002,1732933.0,-6.260000000000005,2.969999999999999
Himachal Pradesh,2019-09-30,2019,9,Monthly,12.0,247210.0,45.87,Urban,3.9800000000000004,1792594.0,-0.8499999999999943,-12.48
Himachal Pradesh,2019-10-31,2019,10,Monthly,23.77,232322.0,49.69,Urban,-7.959999999999999,1714635.0,-6.8799999999999955,11.77
Himachal Pradesh,2019-11-30,2019,11,Monthly,27.27,233029.0,52.17,Urban,-4.41,1791380.0,-3.6700000000000017,3.5
Himachal Pradesh,2019-12-31,2019,12,Monthly,25.32,241366.0,52.55,Urban,-5.859999999999999,1681455.0,-8.5,-1.9499999999999993
Himachal Pradesh,2020-01-31,2020,1,Monthly,18.15,246596.0,48.92,Urban,-1.4799999999999969,1794439.0,-3.8100000000000023,-7.170000000000002
Himachal Pradesh,2020-02-29,2020,2,Monthly,27.31,227804.0,50.82,Urban,-11.889999999999999,1724660.0,-8.369999999999997,9.16
Himachal Pradesh,2020-03-31,2020,3,Monthly,26.44,221432.0,48.74,Urban,-8.73,1578994.0,-8.57,-0.8699999999999974
Himachal Pradesh,2020-04-30,2020,4,Monthly,2.7,146957.0,24.42,Urban,-0.5700000000000003,837214.0,-5.990000000000002,-23.740000000000002
Himachal Pradesh,2020-05-31,2020,5,Monthly,50.0,134868.0,43.55,Urban,-24.36,1597182.0,-0.9299999999999997,47.3
Himachal Pradesh,2020-06-30,2020,6,Monthly,10.81,224902.0,40.66,Urban,-9.690000000000001,2005173.0,0.5400000000000063,-39.19
Jammu & Kashmir,2019-05-31,2019,5,Monthly,23.04,1130139.0,46.74,Urban,-10.26,1365047.0,-6.170000000000002,4.07
Jammu & Kashmir,2019-06-30,2019,6,Monthly,19.88,1139815.0,45.17,Urban,-7.789999999999999,1283927.0,-6.149999999999999,-3.16
Jammu & Kashmir,2019-07-31,2019,7,Monthly,21.55,1183770.0,47.8,Urban,-7.880000000000001,1365546.0,-6.089999999999996,1.6700000000000017
Jammu & Kashmir,2019-10-31,2019,10,Monthly,24.06,1029087.0,42.63,Urban,-4.789999999999999,1448534.0,0.44999999999999574,2.509999999999998
Jammu & Kashmir,2019-11-30,2019,11,Monthly,14.29,1226793.0,44.92,Urban,0.4400000000000013,1188931.0,-5.230000000000004,-9.77
Jammu & Kashmir,2019-12-31,2019,12,Monthly,7.02,1209085.0,40.71,Urban,,,,-7.27
Jammu & Kashmir,2020-01-31,2020,1,Monthly,18.54,1079537.0,41.4,Urban,3.650000000000002,1293951.0,1.1600000000000037,11.52
Jammu & Kashmir,2020-02-29,2020,2,Monthly,19.86,1060116.0,41.23,Urban,1.370000000000001,1103281.0,-2.979999999999997,1.3200000000000003
Jammu & Kashmir,2020-03-31,2020,3,Monthly,14.29,998103.0,36.21,Urban,1.7100000000000009,1362901.0,2.8500000000000014,-5.57
Jammu & Kashmir,2020-05-31,2020,5,Monthly,12.96,937435.0,33.33,Urban,-10.74,1779531.0,5.130000000000003,-1.3299999999999983
Jharkhand,2019-05-31,2019,5,Monthly,17.23,2404033.0,43.25,Urban,-10.120000000000001,4631733.0,-4.210000000000001,-4.300000000000001
Jharkhand,2019-06-30,2019,6,Monthly,20.51,2326911.0,43.51,Urban,-12.05,4992871.0,-2.3900000000000006,3.280000000000001
Jharkhand,2019-07-31,2019,7,Monthly,15.67,2434579.0,42.82,Urban,-5.6899999999999995,4523825.0,-3.1600000000000037,-4.840000000000002
Jharkhand,2019-08-31,2019,8,Monthly,20.25,2335406.0,43.35,Urban,-8.19,4679950.0,-2.520000000000003,4.58
Jharkhand,2019-09-30,2019,9,Monthly,21.16,2357627.0,44.18,Urban,-14.04,5142495.0,-2.9399999999999977,0.9100000000000001
Jharkhand,2019-10-31,2019,10,Monthly,19.05,2460196.0,44.82,Urban,-12.48,5301047.0,-2.490000000000002,-2.1099999999999994
Jharkhand,2019-11-30,2019,11,Monthly,17.34,2424281.0,43.17,Urban,-9.27,4855347.0,-2.9100000000000037,-1.7100000000000009
Jharkhand,2019-12-31,2019,12,Monthly,22.01,2290170.0,43.14,Urban,-6.860000000000001,4583267.0,-2.049999999999997,4.670000000000002
Jharkhand,2020-01-31,2020,1,Monthly,22.96,2329293.0,44.33,Urban,-16.8,5539443.0,-1.8999999999999986,0.9499999999999993
Jharkhand,2020-02-29,2020,2,Monthly,19.67,2493023.0,45.42,Urban,-10.610000000000001,5439379.0,-1.3700000000000045,-3.289999999999999
Jharkhand,2020-03-31,2020,3,Monthly,16.4,2480661.0,43.34,Urban,-11.389999999999999,4676793.0,-5.380000000000003,-3.270000000000003
Jharkhand,2020-04-30,2020,4,Monthly,61.48,1054829.0,39.92,Urban,-19.759999999999998,3225605.0,-3.0,45.08
Jharkhand,2020-05-31,2020,5,Monthly,70.17,830347.0,40.49,Urban,-15.07,2484691.0,-3.460000000000001,8.690000000000005
Jharkhand,2020-06-30,2020,6,Monthly,19.38,2244460.0,40.43,Urban,2.150000000000002,4130654.0,0.21999999999999886,-50.790000000000006
Karnataka,2019-05-31,2019,5,Monthly,6.56,8638239.0,40.62,Urban,-1.0999999999999996,5273201.0,5.740000000000002,-4.36
Karnataka,2019-06-30,2019,6,Monthly,5.0,8862498.0,40.89,Urban,0.9800000000000004,4025992.0,2.229999999999997,-1.5599999999999996
Karnataka,2019-07-31,2019,7,Monthly,2.29,8738029.0,39.09,Urban,-1.77,3431779.0,-0.6700000000000017,-2.71
Karnataka,2019-08-31,2019,8,Monthly,1.27,8614340.0,38.04,Urban,-0.9,4072130.0,1.8900000000000006,-1.02
Karnataka,2019-09-30,2019,9,Monthly,3.57,8647794.0,39.0,Urban,-0.36999999999999966,5094098.0,5.450000000000003,2.3
Karnataka,2019-10-31,2019,10,Monthly,3.87,8799249.0,39.7,Urban,3.26,4004278.0,3.3999999999999986,0.30000000000000027
Karnataka,2019-11-30,2019,11,Monthly,3.44,8613835.0,38.6,Urban,-2.25,2923382.0,-2.1499999999999986,-0.43000000000000016
Karnataka,2019-12-31,2019,12,Monthly,1.56,8592376.0,37.66,Urban,-1.1500000000000001,4163756.0,2.260000000000005,-1.88
Karnataka,2020-01-31,2020,1,Monthly,3.31,8749154.0,38.94,Urban,-0.7400000000000002,5189720.0,5.580000000000005,1.75
Karnataka,2020-02-29,2020,2,Monthly,2.88,8924061.0,39.45,Urban,1.2300000000000004,3829596.0,1.8799999999999955,-0.43000000000000016
Karnataka,2020-03-31,2020,3,Monthly,4.92,9225835.0,41.55,Urban,-2.53,3627983.0,-0.6999999999999957,2.04
Karnataka,2020-04-30,2020,4,Monthly,25.12,7387995.0,42.14,Urban,8.05,1942405.0,1.1099999999999994,20.200000000000003
Karnataka,2020-05-31,2020,5,Monthly,15.88,8669258.0,43.9,Urban,7.839999999999998,1957070.0,-0.8099999999999952,-9.24
Karnataka,2020-06-30,2020,6,Monthly,6.12,8822411.0,39.93,Urban,4.8,6573802.0,13.439999999999998,-9.760000000000002
Kerala,2019-05-31,2019,5,Monthly,6.11,4605913.0,36.65,Urban,0.5199999999999996,578442.0,1.4200000000000017,-21.55
Kerala,2019-06-30,2019,6,Monthly,6.67,4678374.0,37.42,Urban,2.33,927253.0,4.769999999999996,0.5599999999999996
Kerala,2019-07-31,2019,7,Monthly,7.58,4105211.0,33.13,Urban,-2.63,750182.0,1.8299999999999983,0.9100000000000001
Kerala,2019-08-31,2019,8,Monthly,7.69,4448650.0,35.91,Urban,2.63,784799.0,3.990000000000002,0.11000000000000032
Kerala,2019-09-30,2019,9,Monthly,5.52,4640642.0,36.57,Urban,-0.16999999999999993,759857.0,2.3999999999999986,-2.170000000000001
Kerala,2019-10-31,2019,10,Monthly,5.35,4644510.0,36.49,Urban,3.790000000000001,684315.0,3.530000000000001,-0.16999999999999993
Kerala,2019-11-30,2019,11,Monthly,6.71,4062767.0,32.36,Urban,-1.71,495139.0,0.3500000000000014,1.3600000000000003
Kerala,2019-12-31,2019,12,Monthly,7.31,4440283.0,35.56,Urban,3.46,625521.0,3.1099999999999994,0.5999999999999996
Kerala,2020-01-31,2020,1,Monthly,6.65,4597507.0,36.53,Urban,-2.54,709519.0,1.1299999999999955,-0.6599999999999993
Kerala,2020-02-29,2020,2,Monthly,6.08,4624444.0,36.48,Urban,2.83,579135.0,2.3600000000000065,-0.5700000000000003
Kerala,2020-03-31,2020,3,Monthly,9.14,4079775.0,33.24,Urban,-0.2900000000000009,62178.0,-2.370000000000001,3.0600000000000005
Kerala,2020-04-30,2020,4,Monthly,21.43,2179106.0,20.51,Urban,-10.719999999999999,-424936.0,-7.1800000000000015,12.29
Kerala,2020-05-31,2020,5,Monthly,30.28,2826118.0,29.95,Urban,-6.900000000000002,973801.0,3.669999999999998,8.850000000000001
Kerala,2020-06-30,2020,6,Monthly,12.17,4601293.0,38.68,Urban,15.49,-649205.0,-1.6700000000000017,-18.11
Madhya Pradesh,2019-05-31,2019,5,Monthly,3.91,6692720.0,38.96,Urban,-0.28000000000000025,8657118.0,-0.990000000000002,-2.55
Madhya Pradesh,2019-06-30,2019,6,Monthly,6.38,6509340.0,38.8,Urban,-2.13,9785454.0,1.6799999999999997,2.4699999999999998
Madhya Pradesh,2019-07-31,2019,7,Monthly,7.38,6266446.0,37.67,Urban,-3.46,10008261.0,2.530000000000001,1.0
Madhya Pradesh,2019-08-31,2019,8,Monthly,6.82,6809834.0,40.6,Urban,-1.88,9749303.0,0.6499999999999986,-0.5599999999999996
Madhya Pradesh,2019-09-30,2019,9,Monthly,7.0,6655967.0,39.67,Urban,-3.92,9503348.0,-0.2700000000000031,0.17999999999999972
Madhya Pradesh,2019-10-31,2019,10,Monthly,4.4,6603715.0,38.2,Urban,-1.4200000000000004,10456923.0,3.259999999999998,-2.5999999999999996
Madhya Pradesh,2019-11-30,2019,11,Monthly,6.06,6459457.0,37.94,Urban,-3.3399999999999994,9846971.0,1.5,1.6599999999999993
Madhya Pradesh,2019-12-31,2019,12,Monthly,6.2,6787403.0,39.83,Urban,-3.2600000000000002,10067244.0,0.9400000000000048,0.14000000000000057
Madhya Pradesh,2020-01-31,2020,1,Monthly,5.17,6834930.0,39.59,Urban,-1.5099999999999998,9348772.0,-0.240000000000002,-1.0300000000000002
Madhya Pradesh,2020-02-29,2020,2,Monthly,4.96,6533435.0,37.68,Urban,-0.54,9644609.0,1.8900000000000006,-0.20999999999999996
Madhya Pradesh,2020-03-31,2020,3,Monthly,4.8,6386723.0,36.68,Urban,-3.61,10093718.0,2.219999999999999,-0.16000000000000014
Madhya Pradesh,2020-04-30,2020,4,Monthly,11.94,4802873.0,29.76,Urban,0.5600000000000005,9436086.0,8.120000000000001,7.14
Madhya Pradesh,2020-05-31,2020,5,Monthly,40.49,3879934.0,35.49,Urban,-18.03,9219667.0,3.75,28.550000000000004
Madhya Pradesh,2020-06-30,2020,6,Monthly,12.72,6221562.0,38.72,Urban,-6.260000000000001,10527409.0,2.780000000000001,-27.770000000000003
Maharashtra,2019-05-31,2019,5,Monthly,6.08,16962574.0,38.3,Urban,-2.41,6934284.0,8.810000000000002,-3.3200000000000003
Maharashtra,2019-06-30,2019,6,Monthly,6.46,17375053.0,39.3,Urban,-2.12,5681458.0,6.390000000000001,0.3799999999999999
Maharashtra,2019-07-31,2019,7,Monthly,6.35,17215677.0,38.81,Urban,-2.6899999999999995,7628073.0,9.989999999999995,-0.11000000000000032
Maharashtra,2019-08-31,2019,8,Monthly,7.57,16602767.0,37.84,Urban,-3.8100000000000005,10232622.0,14.829999999999998,1.2200000000000006
Maharashtra,2019-09-30,2019,9,Monthly,7.6,17396398.0,39.58,Urban,-3.1999999999999993,7822883.0,10.160000000000004,0.02999999999999936
Maharashtra,2019-10-31,2019,10,Monthly,7.51,17221991.0,39.05,Urban,-3.6999999999999997,7108258.0,8.560000000000002,-0.08999999999999986
Maharashtra,2019-11-30,2019,11,Monthly,7.6,17486683.0,39.61,Urban,-3.9199999999999995,7394700.0,8.920000000000002,0.08999999999999986
Maharashtra,2019-12-31,2019,12,Monthly,7.83,16581144.0,37.57,Urban,-4.800000000000001,9776481.0,13.409999999999997,0.23000000000000043
Maharashtra,2020-01-31,2020,1,Monthly,6.67,16715470.0,37.32,Urban,-2.87,9165928.0,13.04,-1.1600000000000001
Maharashtra,2020-02-29,2020,2,Monthly,5.34,17122782.0,37.61,Urban,-1.0999999999999996,8170753.0,11.75,-1.33
Maharashtra,2020-03-31,2020,3,Monthly,6.34,17065830.0,37.8,Urban,-0.96,6065146.0,7.800000000000004,1.0
Maharashtra,2020-04-30,2020,4,Monthly,14.99,12674451.0,30.86,Urban,10.290000000000001,2340351.0,6.560000000000002,8.65
Maharashtra,2020-05-31,2020,5,Monthly,15.92,12365754.0,30.38,Urban,0.9700000000000006,6057693.0,10.830000000000002,0.9299999999999997
Maharashtra,2020-06-30,2020,6,Monthly,10.01,16172690.0,37.04,Urban,-0.6099999999999994,7428326.0,11.300000000000004,-5.91
Meghalaya,2019-05-31,2019,5,Monthly,8.4,228978.0,47.79,Urban,-5.24,890033.0,18.339999999999996,7.050000000000001
Meghalaya,2019-06-30,2019,6,Monthly,8.66,231252.0,48.29,Urban,-4.43,793545.0,12.800000000000004,0.2599999999999998
Meghalaya,2019-07-31,2019,7,Monthly,4.43,284015.0,56.55,Urban,-3.3999999999999995,874496.0,10.120000000000005,-4.23
Meghalaya,2019-08-31,2019,8,Monthly,5.8,259433.0,52.27,Urban,-5.279999999999999,806292.0,8.589999999999996,1.37
Meghalaya,2019-09-30,2019,9,Monthly,5.3,253887.0,50.77,Urban,-5.06,908272.0,15.249999999999993,-0.5
Meghalaya,2019-10-31,2019,10,Monthly,7.2,234375.0,47.71,Urban,-3.5,846234.0,15.729999999999997,1.9000000000000004
Meghalaya,2019-11-30,2019,11,Monthly,3.02,293431.0,57.02,Urban,-1.52,912272.0,12.009999999999998,-4.18
Meghalaya,2019-12-31,2019,12,Monthly,5.21,267417.0,53.04,Urban,-3.41,835580.0,10.14,2.19
Meghalaya,2020-01-31,2020,1,Monthly,4.76,261687.0,51.53,Urban,-3.79,967719.0,18.129999999999995,-0.4500000000000002
Meghalaya,2020-02-29,2020,2,Monthly,7.37,233965.0,47.26,Urban,-4.61,878899.0,16.800000000000004,2.6100000000000003
Meghalaya,2020-03-31,2020,3,Monthly,2.8,289735.0,55.64,Urban,-1.5199999999999998,902881.0,11.819999999999993,-4.57
Meghalaya,2020-04-30,2020,4,Monthly,17.39,161939.0,36.51,Urban,-9.01,641179.0,12.32,14.59
Meghalaya,2020-05-31,2020,5,Monthly,14.58,222916.0,48.48,Urban,-10.85,769232.0,8.780000000000001,-2.8100000000000005
Odisha,2019-05-31,2019,5,Monthly,2.95,2519582.0,41.26,Urban,1.2199999999999998,8636171.0,-0.7899999999999991,-1.6399999999999997
Odisha,2019-06-30,2019,6,Monthly,2.63,2356290.0,38.39,Urban,2.08,8608864.0,1.5499999999999972,-0.3200000000000003
Odisha,2019-07-31,2019,7,Monthly,1.78,2542237.0,40.99,Urban,1.53,9467646.0,2.059999999999995,-0.8499999999999999
Odisha,2019-08-31,2019,8,Monthly,3.5,2456983.0,40.25,Urban,0.18000000000000016,9270676.0,1.8800000000000026,1.72
Odisha,2019-09-30,2019,9,Monthly,3.78,2570663.0,42.15,Urban,0.5299999999999998,8597052.0,-1.8299999999999983,0.2799999999999998
Odisha,2019-10-31,2019,10,Monthly,4.5,2456855.0,40.51,Urban,-0.21999999999999975,9164679.0,1.3700000000000045,0.7200000000000002
Odisha,2019-11-30,2019,11,Monthly,2.23,2594469.0,41.71,Urban,2.4899999999999998,9598154.0,2.3500000000000014,-2.27
Odisha,2019-12-31,2019,12,Monthly,3.36,2369048.0,38.46,Urban,1.31,8976021.0,2.4499999999999957,1.13
Odisha,2020-01-31,2020,1,Monthly,2.28,2561320.0,41.05,Urban,-0.46999999999999975,8620808.0,-1.9599999999999937,-1.08
Odisha,2020-02-29,2020,2,Monthly,2.19,2438080.0,38.97,Urban,1.12,9404575.0,3.009999999999998,-0.08999999999999986
Odisha,2020-03-31,2020,3,Monthly,3.96,2457952.0,39.93,Urban,11.129999999999999,7356204.0,-0.38000000000000256,1.77
Odisha,2020-04-30,2020,4,Monthly,20.5,1303244.0,25.53,Urban,3.9800000000000004,4259205.0,-0.370000000000001,16.54
Odisha,2020-05-31,2020,5,Monthly,10.0,1975481.0,34.12,Urban,-0.5500000000000007,7708238.0,2.3599999999999994,-10.5
Odisha,2020-06-30,2020,6,Monthly,2.18,2221069.0,35.24,Urban,2.4099999999999997,7966076.0,1.1199999999999974,-7.82
Puducherry,2019-05-31,2019,5,Monthly,1.25,283905.0,35.71,Urban,-1.25,-111431.0,7.369999999999997,-73.26
Puducherry,2019-06-30,2019,6,Monthly,0.0,304369.0,37.73,Urban,0.0,-119842.0,8.220000000000006,-1.25
Puducherry,2019-07-31,2019,7,Monthly,0.0,281117.0,34.77,Urban,0.0,-141890.0,-0.21000000000000085,0.0
Puducherry,2019-08-31,2019,8,Monthly,8.95,312882.0,42.41,Urban,-4.1,-128952.0,5.420000000000002,8.95
Puducherry,2019-09-30,2019,9,Monthly,1.22,286573.0,35.73,Urban,-1.22,-110855.0,7.6100000000000065,-7.7299999999999995
Puducherry,2019-10-31,2019,10,Monthly,1.17,312548.0,38.86,Urban,0.010000000000000009,-132265.0,5.990000000000002,-0.050000000000000044
Puducherry,2019-11-30,2019,11,Monthly,1.37,275003.0,34.19,Urban,-1.37,-132216.0,0.8100000000000023,0.20000000000000018
Puducherry,2019-12-31,2019,12,Monthly,5.21,313135.0,40.42,Urban,-3.2199999999999998,-132327.0,4.649999999999999,3.84
Puducherry,2020-01-31,2020,1,Monthly,0.57,281698.0,34.59,Urban,0.010000000000000009,-105446.0,8.589999999999996,-4.64
Puducherry,2020-02-29,2020,2,Monthly,1.78,310342.0,38.5,Urban,-0.040000000000000036,-126723.0,6.880000000000003,1.21
Puducherry,2020-03-31,2020,3,Monthly,0.62,278851.0,34.12,Urban,1.69,-136675.0,1.1099999999999994,-1.1600000000000001
Puducherry,2020-04-30,2020,4,Monthly,76.74,68122.0,35.54,Urban,-2.2299999999999898,-18702.0,11.25,76.11999999999999
Puducherry,2020-05-31,2020,5,Monthly,75.0,64538.0,31.25,Urban,,,,-1.7399999999999949
Puducherry,2020-06-30,2020,6,Monthly,4.55,234926.0,29.73,Urban,,,,-70.45
Punjab,2019-05-31,2019,5,Monthly,13.49,3289918.0,40.03,Urban,-4.32,2798629.0,4.759999999999998,-6.51
Punjab,2019-06-30,2019,6,Monthly,13.17,3307798.0,40.02,Urban,-0.9599999999999991,2717437.0,5.769999999999996,-0.3200000000000003
Punjab,2019-07-31,2019,7,Monthly,11.61,3592442.0,42.62,Urban,-1.9699999999999989,2715687.0,3.8800000000000026,-1.5600000000000005
Punjab,2019-08-31,2019,8,Monthly,11.99,3499863.0,41.61,Urban,-5.3,2683564.0,2.469999999999999,0.3800000000000008
Punjab,2019-09-30,2019,9,Monthly,15.69,3227178.0,39.97,Urban,-7.1,3033793.0,5.520000000000003,3.6999999999999993
Punjab,2019-10-31,2019,10,Monthly,13.75,3070438.0,37.1,Urban,-1.1899999999999995,2951483.0,8.559999999999995,-1.9399999999999995
Punjab,2019-11-30,2019,11,Monthly,10.39,3602243.0,41.82,Urban,-3.3200000000000003,2792779.0,3.729999999999997,-3.3599999999999994
Punjab,2019-12-31,2019,12,Monthly,11.97,3575778.0,42.17,Urban,-5.840000000000001,2588437.0,1.2299999999999969,1.58
Punjab,2020-01-31,2020,1,Monthly,13.68,3252622.0,39.04,Urban,-3.99,2936849.0,6.18,1.709999999999999
Punjab,2020-02-29,2020,2,Monthly,11.99,3219227.0,37.82,Urban,-1.58,2790593.0,6.369999999999997,-1.6899999999999995
Punjab,2020-03-31,2020,3,Monthly,9.97,3601793.0,41.29,Urban,0.5399999999999991,2771899.0,5.560000000000002,-2.0199999999999996
Punjab,2020-04-30,2020,4,Monthly,1.13,2298975.0,23.95,Urban,2.56,2422615.0,8.250000000000004,-8.84
Punjab,2020-05-31,2020,5,Monthly,20.54,2682658.0,34.71,Urban,20.050000000000004,1044708.0,6.43,19.41
Punjab,2020-06-30,2020,6,Monthly,10.55,3047750.0,34.96,Urban,9.45,2316297.0,8.939999999999998,-9.989999999999998
Rajasthan,2019-05-31,2019,5,Monthly,13.62,5108436.0,39.44,Urban,-9.59,10117569.0,-0.9199999999999946,-0.2400000000000002
Rajasthan,2019-06-30,2019,6,Monthly,14.36,5241174.0,40.73,Urban,-0.6600000000000001,9369390.0,0.29000000000000625,0.7400000000000002
Rajasthan,2019-07-31,2019,7,Monthly,11.67,5372470.0,40.38,Urban,-1.9700000000000006,9487403.0,-0.6000000000000014,-2.6899999999999995
Rajasthan,2019-08-31,2019,8,Monthly,14.71,5195170.0,40.34,Urban,-2.210000000000001,9856881.0,1.1399999999999935,3.040000000000001
Rajasthan,2019-09-30,2019,9,Monthly,12.63,5176819.0,39.15,Urban,-7.180000000000001,10242960.0,0.09000000000000341,-2.08
Rajasthan,2019-10-31,2019,10,Monthly,13.02,5384335.0,40.8,Urban,1.6400000000000006,9794209.0,1.8900000000000006,0.3899999999999988
Rajasthan,2019-11-30,2019,11,Monthly,14.3,5306715.0,40.73,Urban,-3.83,9971841.0,0.14000000000000057,1.2800000000000011
Rajasthan,2019-12-31,2019,12,Monthly,18.04,5109481.0,40.9,Urban,-4.079999999999998,10375826.0,2.1000000000000014,3.7399999999999984
Rajasthan,2020-01-31,2020,1,Monthly,18.82,5157363.0,41.59,Urban,-10.82,10326990.0,-1.470000000000006,0.7800000000000011
Rajasthan,2020-02-29,2020,2,Monthly,17.02,5288343.0,41.62,Urban,-2.539999999999999,9752229.0,0.21000000000000085,-1.8000000000000007
Rajasthan,2020-03-31,2020,3,Monthly,18.54,4964911.0,39.71,Urban,-9.069999999999999,10094858.0,-0.240000000000002,1.5199999999999996
Rajasthan,2020-04-30,2020,4,Monthly,35.53,2932923.0,29.57,Urban,-23.28,10118296.0,5.640000000000001,16.990000000000002
Rajasthan,2020-05-31,2020,5,Monthly,25.35,4225486.0,36.71,Urban,-14.900000000000002,11361347.0,4.399999999999999,-10.18
Rajasthan,2020-06-30,2020,6,Monthly,13.04,5275784.0,39.26,Urban,0.8200000000000003,10801194.0,4.719999999999999,-12.310000000000002
Sikkim,2019-05-31,2019,5,Monthly,8.2,89587.0,48.61,Urban,,,,2.3899999999999997
Sikkim,2019-06-30,2019,6,Monthly,7.76,89702.0,48.13,Urban,,,,-0.4399999999999995
Sikkim,2019-07-31,2019,7,Monthly,2.56,108334.0,54.67,Urban,,,,-5.199999999999999
Sikkim,2019-08-31,2019,8,Monthly,4.82,90850.0,46.63,Urban,,,,2.2600000000000002
Sikkim,2019-09-30,2019,9,Monthly,4.81,89450.0,45.61,Urban,,,,-0.010000000000000675
Sikkim,2019-10-31,2019,10,Monthly,9.68,87974.0,46.97,Urban,-4.199999999999999,58714.0,-2.9099999999999966,4.87
Sikkim,2019-11-30,2019,11,Monthly,4.04,107751.0,53.8,Urban,9.07,54675.0,-0.759999999999998,-5.64
Sikkim,2019-12-31,2019,12,Monthly,7.37,88035.0,45.24,Urban,-6.37,73612.0,1.0599999999999952,3.33
Sikkim,2020-03-31,2020,3,Monthly,20.45,86186.0,50.57,Urban,,,,13.079999999999998
Sikkim,2020-04-30,2020,4,Monthly,5.77,81905.0,40.31,Urban,-5.77,51494.0,-2.5900000000000034,-14.68
Sikkim,2020-05-31,2020,5,Monthly,19.75,75456.0,43.32,Urban,,,,13.98
Sikkim,2020-06-30,2020,6,Monthly,2.63,76269.0,35.85,Urban,3.1799999999999997,65044.0,6.509999999999998,-17.12
Tamil Nadu,2019-05-31,2019,5,Monthly,0.89,11798080.0,37.31,Urban,0.07999999999999996,4046618.0,12.129999999999995,-1.17
Tamil Nadu,2019-06-30,2019,6,Monthly,1.56,12318745.0,39.16,Urban,-0.64,4056558.0,11.830000000000005,0.67
Tamil Nadu,2019-07-31,2019,7,Monthly,3.18,12054414.0,38.89,Urban,2.8299999999999996,4401514.0,15.049999999999997,1.62
Tamil Nadu,2019-08-31,2019,8,Monthly,9.53,11933093.0,41.13,Urban,-6.619999999999999,4530838.0,11.04,6.35
Tamil Nadu,2019-09-30,2019,9,Monthly,1.86,11902824.0,37.76,Urban,-0.15000000000000013,2692617.0,7.859999999999999,-7.669999999999999
Tamil Nadu,2019-10-31,2019,10,Monthly,1.13,12223948.0,38.42,Urban,0.33000000000000007,3371699.0,10.129999999999995,-0.7300000000000002
Tamil Nadu,2019-11-30,2019,11,Monthly,2.65,11729952.0,37.38,Urban,-0.18999999999999995,4493478.0,13.57,1.52
Tamil Nadu,2019-12-31,2019,12,Monthly,8.05,12260389.0,41.29,Urban,-4.32,3096549.0,7.509999999999998,5.4
Tamil Nadu,2020-01-31,2020,1,Monthly,2.05,11926995.0,37.64,Urban,-0.8699999999999999,3027651.0,8.589999999999996,-6.000000000000001
Tamil Nadu,2020-02-29,2020,2,Monthly,3.31,11742101.0,37.48,Urban,-2.14,4086387.0,11.380000000000003,1.2600000000000002
Tamil Nadu,2020-03-31,2020,3,Monthly,6.46,10982178.0,36.17,Urban,-0.09999999999999964,4866412.0,15.39,3.15
Tamil Nadu,2020-04-30,2020,4,Monthly,45.55,4632967.0,26.17,Urban,7.640000000000001,453233.0,6.8799999999999955,39.089999999999996
Tamil Nadu,2020-05-31,2020,5,Monthly,25.95,5733921.0,23.77,Urban,12.779999999999998,34421.0,4.830000000000002,-19.599999999999998
Tamil Nadu,2020-06-30,2020,6,Monthly,24.93,7741005.0,31.6,Urban,-22.87,2428110.0,-0.11000000000000298,-1.0199999999999996
Telangana,2019-05-31,2019,5,Monthly,1.52,5560649.0,44.59,Urban,0.71,5492704.0,17.15,-17.78
Telangana,2019-06-30,2019,6,Monthly,1.43,5683349.0,45.43,Urban,4.49,5045473.0,16.759999999999998,-0.09000000000000008
Telangana,2019-07-31,2019,7,Monthly,3.73,5432503.0,44.36,Urban,-1.2799999999999998,6106185.0,20.040000000000006,2.3
Telangana,2019-08-31,2019,8,Monthly,4.19,5544693.0,45.39,Urban,-2.7900000000000005,5199266.0,13.839999999999996,0.4600000000000004
Telangana,2019-09-30,2019,9,Monthly,6.19,5668785.0,47.28,Urban,-0.7000000000000002,6967630.0,25.289999999999992,2.0
Telangana,2019-10-31,2019,10,Monthly,6.74,5318341.0,44.51,Urban,0.5499999999999998,6057013.0,21.979999999999997,0.5499999999999998
Telangana,2019-11-30,2019,11,Monthly,5.23,5338119.0,43.87,Urban,1.2399999999999993,5927709.0,21.300000000000004,-1.5099999999999998
Telangana,2019-12-31,2019,12,Monthly,4.22,5317782.0,43.13,Urban,-2.8699999999999997,5750274.0,17.479999999999997,-1.0100000000000007
Telangana,2020-01-31,2020,1,Monthly,6.49,5543380.0,45.95,Urban,-1.4700000000000006,6522535.0,22.560000000000002,2.2700000000000005
Telangana,2020-02-29,2020,2,Monthly,6.74,5521496.0,45.78,Urban,2.2799999999999994,5782978.0,21.14,0.25
Telangana,2020-03-31,2020,3,Monthly,6.1,5313236.0,43.65,Urban,-0.46999999999999975,6715141.0,24.880000000000003,-0.6400000000000006
Telangana,2020-04-30,2020,4,Monthly,10.5,3378431.0,29.05,Urban,-5.99,5415368.0,20.389999999999997,4.4
Telangana,2020-05-31,2020,5,Monthly,36.57,3108830.0,37.63,Urban,-2.5600000000000023,4399917.0,23.369999999999997,26.07
Telangana,2020-06-30,2020,6,Monthly,6.92,4577995.0,37.68,Urban,12.38,4313186.0,21.29,-29.65
Tripura,2019-05-31,2019,5,Monthly,34.69,423127.0,69.5,Urban,-5.439999999999998,596422.0,-5.030000000000001,15.849999999999998
Tripura,2019-06-30,2019,6,Monthly,25.59,408738.0,58.8,Urban,1.0500000000000007,698275.0,8.600000000000009,-9.099999999999998
Tripura,2019-07-31,2019,7,Monthly,25.81,410583.0,59.1,Urban,-3.34,642014.0,1.4399999999999977,0.21999999999999886
Tripura,2019-08-31,2019,8,Monthly,33.45,368977.0,59.07,Urban,-7.960000000000004,606524.0,-0.7800000000000011,7.640000000000004
Tripura,2019-09-30,2019,9,Monthly,33.57,418043.0,66.9,Urban,-3.34,616365.0,-1.0,0.11999999999999744
Tripura,2019-10-31,2019,10,Monthly,26.67,414808.0,60.0,Urban,0.8699999999999974,698956.0,8.209999999999994,-6.899999999999999
Tripura,2019-11-30,2019,11,Monthly,27.15,427700.0,62.14,Urban,-1.8999999999999986,656933.0,2.1500000000000057,0.4799999999999969
Tripura,2019-12-31,2019,12,Monthly,33.48,399427.0,63.41,Urban,-6.949999999999996,647451.0,-0.38999999999999346,6.329999999999998
Tripura,2020-01-31,2020,1,Monthly,34.37,450155.0,72.26,Urban,-2.4599999999999973,607820.0,-3.6500000000000057,0.8900000000000006
Tripura,2020-02-29,2020,2,Monthly,33.88,415339.0,66.04,Urban,-7.660000000000004,754008.0,3.839999999999989,-0.4899999999999949
Tripura,2020-03-31,2020,3,Monthly,25.69,450271.0,63.56,Urban,5.919999999999998,610675.0,4.719999999999999,-8.190000000000001
Tripura,2020-04-30,2020,4,Monthly,34.88,296431.0,47.65,Urban,8.759999999999998,378652.0,4.980000000000004,9.190000000000001
Tripura,2020-05-31,2020,5,Monthly,16.78,384999.0,48.31,Urban,-2.0700000000000003,526790.0,-1.4100000000000037,-18.1
Tripura,2020-06-30,2020,6,Monthly,27.47,391015.0,56.17,Urban,-8.629999999999999,715963.0,3.5700000000000003,10.689999999999998
Uttar Pradesh,2019-05-31,2019,5,Monthly,14.4,13391244.0,40.43,Urban,-4.140000000000001,29896564.0,-0.46999999999999886,5.890000000000001
Uttar Pradesh,2019-06-30,2019,6,Monthly,11.62,13624452.0,39.75,Urban,-0.48999999999999844,28652120.0,-0.4299999999999997,-2.780000000000001
Uttar Pradesh,2019-07-31,2019,7,Monthly,11.8,13862431.0,40.43,Urban,-2.610000000000001,28834569.0,-1.6499999999999986,0.1800000000000015
Uttar Pradesh,2019-08-31,2019,8,Monthly,14.73,13580241.0,40.87,Urban,-3.26,29718505.0,-0.6299999999999955,2.9299999999999997
Uttar Pradesh,2019-09-30,2019,9,Monthly,13.58,13522970.0,40.07,Urban,-7.13,30675792.0,-1.2800000000000011,-1.1500000000000004
Uttar Pradesh,2019-10-31,2019,10,Monthly,10.35,13938303.0,39.71,Urban,-0.16999999999999993,28894962.0,-0.6400000000000006,-3.2300000000000004
Uttar Pradesh,2019-11-30,2019,11,Monthly,11.31,14128888.0,40.6,Urban,-4.37,29132642.0,-2.5900000000000034,0.9600000000000009
Uttar Pradesh,2019-12-31,2019,12,Monthly,12.37,13857200.0,40.21,Urban,-3.9399999999999995,30782887.0,-0.4399999999999977,1.0599999999999987
Uttar Pradesh,2020-01-31,2020,1,Monthly,12.34,13656250.0,39.52,Urban,-6.28,32121259.0,0.14999999999999858,-0.02999999999999936
Uttar Pradesh,2020-02-29,2020,2,Monthly,11.65,13803099.0,39.54,Urban,-3.530000000000001,30454333.0,-0.4099999999999966,-0.6899999999999995
Uttar Pradesh,2020-03-31,2020,3,Monthly,12.32,13889632.0,40.0,Urban,-2.950000000000001,29197074.0,-1.4699999999999989,0.6699999999999999
Uttar Pradesh,2020-04-30,2020,4,Monthly,26.94,10944379.0,37.74,Urban,-7.02,29026298.0,2.6299999999999955,14.620000000000001
Uttar Pradesh,2020-05-31,2020,5,Monthly,32.06,11111486.0,41.1,Urban,-15.170000000000002,27529513.0,-3.5799999999999983,5.120000000000001
Uttar Pradesh,2020-06-30,2020,6,Monthly,13.05,13208724.0,38.09,Urban,-4.540000000000001,28700185.0,-1.2000000000000028,-19.01
Uttarakhand,2019-05-31,2019,5,Monthly,9.17,676797.0,26.33,Urban,-7.54,1431247.0,11.14,-1.540000000000001
Uttarakhand,2019-06-30,2019,6,Monthly,4.69,906889.0,33.54,Urban,-0.040000000000000036,1114664.0,3.469999999999999,-4.4799999999999995
Uttarakhand,2019-07-31,2019,7,Monthly,6.94,859900.0,32.48,Urban,-1.2000000000000002,1140624.0,4.490000000000002,2.25
Uttarakhand,2019-08-31,2019,8,Monthly,7.43,823967.0,31.21,Urban,-1.3199999999999994,1087413.0,4.18,0.4899999999999993
Uttarakhand,2019-09-30,2019,9,Monthly,9.62,711150.0,27.51,Urban,-6.149999999999999,1446695.0,11.279999999999998,2.1899999999999995
Uttarakhand,2019-10-31,2019,10,Monthly,4.72,925174.0,33.87,Urban,0.11000000000000032,1102488.0,3.030000000000001,-4.8999999999999995
Uttarakhand,2019-11-30,2019,11,Monthly,6.34,904903.0,33.61,Urban,-0.7800000000000002,1102210.0,3.1199999999999974,1.62
Uttarakhand,2019-12-31,2019,12,Monthly,7.39,844779.0,31.65,Urban,-2.87,1102787.0,3.539999999999999,1.0499999999999998
Uttarakhand,2020-01-31,2020,1,Monthly,8.92,725253.0,27.55,Urban,-4.75,1261133.0,8.139999999999997,1.5300000000000002
Uttarakhand,2020-02-29,2020,2,Monthly,5.28,963408.0,35.11,Urban,-0.4300000000000006,1094115.0,2.049999999999997,-3.6399999999999997
Uttarakhand,2020-03-31,2020,3,Monthly,8.15,889245.0,33.33,Urban,,,,2.87
Uttarakhand,2020-04-30,2020,4,Monthly,13.18,748041.0,29.59,Urban,-9.52,1224033.0,5.449999999999999,5.029999999999999
Uttarakhand,2020-05-31,2020,5,Monthly,17.36,778590.0,32.27,Urban,-13.79,1136892.0,1.6699999999999946,4.18
Uttarakhand,2020-06-30,2020,6,Monthly,5.08,989470.0,35.61,Urban,5.630000000000001,685971.0,-3.6099999999999994,-12.28
West Bengal,2019-05-31,2019,5,Monthly,7.25,11306177.0,46.37,Urban,-1.2300000000000004,12146698.0,0.03999999999999915,2.3099999999999996
West Bengal,2019-06-30,2019,6,Monthly,7.38,10611498.0,43.51,Urban,-1.5300000000000002,14931967.0,6.850000000000001,0.1299999999999999
West Bengal,2019-07-31,2019,7,Monthly,7.91,10779829.0,44.38,Urban,-2.29,14077978.0,4.399999999999999,0.5300000000000002
West Bengal,2019-08-31,2019,8,Monthly,7.27,11456493.0,46.77,Urban,-1.6899999999999995,13468334.0,2.019999999999996,-0.6400000000000006
West Bengal,2019-09-30,2019,9,Monthly,7.79,11158649.0,45.74,Urban,-2.5300000000000002,14452124.0,4.1299999999999955,0.5200000000000005
West Bengal,2019-10-31,2019,10,Monthly,7.83,10563686.0,43.25,Urban,-1.0499999999999998,13789332.0,4.840000000000003,0.040000000000000036
West Bengal,2019-11-30,2019,11,Monthly,6.61,10768462.0,43.44,Urban,-0.7800000000000002,14861897.0,6.560000000000002,-1.2199999999999998
West Bengal,2019-12-31,2019,12,Monthly,7.24,11335696.0,45.97,Urban,-1.4500000000000002,13570543.0,2.5,0.6299999999999999
West Bengal,2020-01-31,2020,1,Monthly,7.27,11208617.0,45.39,Urban,-0.47999999999999954,13403554.0,2.9099999999999966,0.02999999999999936
West Bengal,2020-02-29,2020,2,Monthly,7.55,10871168.0,44.09,Urban,-3.77,15221841.0,5.419999999999995,0.28000000000000025
West Bengal,2020-03-31,2020,3,Monthly,6.67,10806105.0,43.34,Urban,0.34999999999999964,14291707.0,5.839999999999996,-0.8799999999999999
West Bengal,2020-04-30,2020,4,Monthly,15.63,9299466.0,41.2,Urban,2.6899999999999995,8339904.0,-1.9299999999999997,8.96
West Bengal,2020-05-31,2020,5,Monthly,15.22,9240903.0,40.67,Urban,3.209999999999999,9874869.0,1.8599999999999994,-0.41000000000000014
West Bengal,2020-06-30,2020,6,Monthly,9.86,9088931.0,37.57,Urban,-4.919999999999999,12136956.0,2.8699999999999974,-5.360000000000001
